scan_utc,volcano,wwlln_id,inner_strokes,outer_strokes,alert,n_stroke_positions
2026-09-01T00:00:50.029409+00:00,Acatenango,1402-09-,0,1,GREEN,1
2026-09-01T00:00:50.029409+00:00,Fuego,1402-10-,0,4,GREEN,4
2026-09-01T00:00:50.029409+00:00,Agua,1402-111,0,53,GREEN,53
2026-09-01T00:00:50.029409+00:00,Concepcion (NIC),1404-12-,0,3,GREEN,3
2026-09-01T00:00:50.029409+00:00,Maderas (NIC),1404-13-,0,3,GREEN,3
2026-09-01T00:00:50.029409+00:00,Orosi (CRI),1405-01-,0,0,GREEN,0
2026-09-01T00:00:50.029409+00:00,Rincon de la Vieja (CRI),1405-02-,0,0,GREEN,0
2026-09-01T00:00:50.029409+00:00,Taapaca,1505-011,0,0,GREEN,0
2026-09-01T00:00:50.029409+00:00,Parinacota,1505-012,0,0,GREEN,0
2026-09-01T00:00:50.029409+00:00,Guallatiri,1505-02-,0,0,GREEN,0
2026-09-01T00:00:50.029409+00:00,Isluga,1505-03-,0,0,GREEN,0
2026-09-01T00:00:50.029409+00:00,Irruputuncu,1505-04-,0,0,GREEN,0
2026-09-01T00:00:50.029409+00:00,Ollague,1505-06-,0,0,GREEN,0
2026-09-01T00:00:50.029409+00:00,San Pedro,1505-07-,0,0,GREEN,0
2026-09-01T00:00:50.029409+00:00,Lascar,1505-10-,0,0,GREEN,0
2026-09-01T00:00:50.029409+00:00,Tupungatito,1507-01-,0,0,GREEN,0
2026-09-01T00:00:50.029409+00:00,San Jose,1507-02-,0,0,GREEN,0
2026-09-01T00:00:50.029409+00:00,Tinguiririca,1507-03-,0,0,GREEN,0
2026-09-01T00:00:50.029409+00:00,Planchon-Peteroa,1507-04-,0,0,GREEN,0
2026-09-01T00:00:50.029409+00:00,Descabezado Grande,1507-05-,0,0,GREEN,0
2026-09-01T00:00:50.029409+00:00,Tatara-San Pedro,1507-062,0,0,GREEN,0
2026-09-01T00:00:50.029409+00:00,Laguna del Maule,1507-061,0,0,GREEN,0
2026-09-01T00:00:50.029409+00:00,Nevado de Longavi,1507-063,0,0,GREEN,0
2026-09-01T00:00:50.029409+00:00,Nevados de Chillan,1507-07-,0,0,GREEN,0
2026-09-01T00:00:50.029409+00:00,Antuco,1507-08-,0,0,GREEN,0
2026-09-01T00:00:50.029409+00:00,Copahue,1507-09-,0,0,GREEN,0
2026-09-01T00:00:50.029409+00:00,Callaqui,1507-091,0,0,GREEN,0
2026-09-01T00:00:50.029409+00:00,Lonquimay,1507-10-,0,0,GREEN,0
2026-09-01T00:00:50.029409+00:00,Llaima,1507-11-,0,0,GREEN,0
2026-09-01T00:00:50.029409+00:00,Sollipulli,1507-111,0,0,GREEN,0
2026-09-01T00:00:50.029409+00:00,Villarrica,1507-12-,0,0,GREEN,0
2026-09-01T00:00:50.029409+00:00,Quetrupillan,1507-121,0,0,GREEN,0
2026-09-01T00:00:50.029409+00:00,Lanin,1507-122,0,0,GREEN,0
2026-09-01T00:00:50.029409+00:00,Mocho-Choshuenco,1507-13-,0,0,GREEN,0
2026-09-01T00:00:50.029409+00:00,Carran - Los Venados,1507-14-,0,0,GREEN,0
2026-09-01T00:00:50.029409+00:00,Puyehue - Cordon Caulle,1507-15-,0,0,GREEN,0
2026-09-01T00:00:50.029409+00:00,Antillanca - Casablanca,1507-153,0,0,GREEN,0
2026-09-01T00:00:50.029409+00:00,Osorno,1508-01-,0,0,GREEN,0
2026-09-01T00:00:50.029409+00:00,Calbuco,1508-02-,0,0,GREEN,0
2026-09-01T00:00:50.029409+00:00,Yate,1508-022,0,2,GREEN,2
2026-09-01T00:00:50.029409+00:00,Hornopiren,1508-023,0,2,GREEN,2
2026-09-01T00:00:50.029409+00:00,Huequi,1508-03-,0,2,GREEN,2
2026-09-01T00:00:50.029409+00:00,Michinmahuida,1508-04-,0,2,GREEN,2
2026-09-01T00:00:50.029409+00:00,Chaiten,1508-041,0,2,GREEN,2
2026-09-01T00:00:50.029409+00:00,Corcovado,1508-05-,0,0,GREEN,0
2026-09-01T00:00:50.029409+00:00,Melimoyu,1508-052,0,0,GREEN,0
2026-09-01T00:00:50.029409+00:00,Mentolat,1508-054,0,0,GREEN,0
2026-09-01T00:00:50.029409+00:00,Cay,1508-055,0,0,GREEN,0
2026-09-01T00:00:50.029409+00:00,Maca,1508-056,0,0,GREEN,0
2026-09-01T00:00:50.029409+00:00,Hudson,1508-057,0,0,GREEN,0
2026-09-01T00:00:50.029409+00:00,Wai Sano (IDN),0604-06-,0,0,GREEN,0
2026-09-01T00:00:50.029409+00:00,Ranakah (IDN),0604-071,0,0,GREEN,0
2026-09-01T00:00:50.029409+00:00,Ambrym (VUT),0507-04-,0,0,GREEN,0
2026-09-01T00:00:50.029409+00:00,Jingbo (CHN),1005-04-,0,0,GREEN,0
2026-09-01T00:00:50.029409+00:00,Kishb Harrat (SAU),0301-071,0,0,GREEN,0
2026-09-01T00:00:50.029409+00:00,Semeru (IDN),0603-30-,0,0,GREEN,0
2026-09-01T00:00:50.029409+00:00,Kavachi (SLB),0505-06-,0,0,GREEN,0
2026-09-01T00:05:43.033098+00:00,Acatenango,1402-09-,0,3,GREEN,3
2026-09-01T00:05:43.033098+00:00,Fuego,1402-10-,0,9,GREEN,9
2026-09-01T00:05:43.033098+00:00,Agua,1402-111,0,93,GREEN,93
2026-09-01T00:05:43.033098+00:00,Concepcion (NIC),1404-12-,0,3,GREEN,3
2026-09-01T00:05:43.033098+00:00,Maderas (NIC),1404-13-,0,3,GREEN,3
2026-09-01T00:05:43.033098+00:00,Orosi (CRI),1405-01-,0,0,GREEN,0
2026-09-01T00:05:43.033098+00:00,Rincon de la Vieja (CRI),1405-02-,0,0,GREEN,0
2026-09-01T00:05:43.033098+00:00,Taapaca,1505-011,0,0,GREEN,0
2026-09-01T00:05:43.033098+00:00,Parinacota,1505-012,0,0,GREEN,0
2026-09-01T00:05:43.033098+00:00,Guallatiri,1505-02-,0,0,GREEN,0
2026-09-01T00:05:43.033098+00:00,Isluga,1505-03-,0,0,GREEN,0
2026-09-01T00:05:43.033098+00:00,Irruputuncu,1505-04-,0,0,GREEN,0
2026-09-01T00:05:43.033098+00:00,Ollague,1505-06-,0,0,GREEN,0
2026-09-01T00:05:43.033098+00:00,San Pedro,1505-07-,0,0,GREEN,0
2026-09-01T00:05:43.033098+00:00,Lascar,1505-10-,0,0,GREEN,0
2026-09-01T00:05:43.033098+00:00,Tupungatito,1507-01-,0,0,GREEN,0
2026-09-01T00:05:43.033098+00:00,San Jose,1507-02-,0,0,GREEN,0
2026-09-01T00:05:43.033098+00:00,Tinguiririca,1507-03-,0,0,GREEN,0
2026-09-01T00:05:43.033098+00:00,Planchon-Peteroa,1507-04-,0,0,GREEN,0
2026-09-01T00:05:43.033098+00:00,Descabezado Grande,1507-05-,0,0,GREEN,0
2026-09-01T00:05:43.033098+00:00,Tatara-San Pedro,1507-062,0,0,GREEN,0
2026-09-01T00:05:43.033098+00:00,Laguna del Maule,1507-061,0,0,GREEN,0
2026-09-01T00:05:43.033098+00:00,Nevado de Longavi,1507-063,0,0,GREEN,0
2026-09-01T00:05:43.033098+00:00,Nevados de Chillan,1507-07-,0,0,GREEN,0
2026-09-01T00:05:43.033098+00:00,Antuco,1507-08-,0,0,GREEN,0
2026-09-01T00:05:43.033098+00:00,Copahue,1507-09-,0,0,GREEN,0
2026-09-01T00:05:43.033098+00:00,Callaqui,1507-091,0,0,GREEN,0
2026-09-01T00:05:43.033098+00:00,Lonquimay,1507-10-,0,0,GREEN,0
2026-09-01T00:05:43.033098+00:00,Llaima,1507-11-,0,0,GREEN,0
2026-09-01T00:05:43.033098+00:00,Sollipulli,1507-111,0,0,GREEN,0
2026-09-01T00:05:43.033098+00:00,Villarrica,1507-12-,0,0,GREEN,0
2026-09-01T00:05:43.033098+00:00,Quetrupillan,1507-121,0,0,GREEN,0
2026-09-01T00:05:43.033098+00:00,Lanin,1507-122,0,0,GREEN,0
2026-09-01T00:05:43.033098+00:00,Mocho-Choshuenco,1507-13-,0,0,GREEN,0
2026-09-01T00:05:43.033098+00:00,Carran - Los Venados,1507-14-,0,0,GREEN,0
2026-09-01T00:05:43.033098+00:00,Puyehue - Cordon Caulle,1507-15-,0,0,GREEN,0
2026-09-01T00:05:43.033098+00:00,Antillanca - Casablanca,1507-153,0,0,GREEN,0
2026-09-01T00:05:43.033098+00:00,Osorno,1508-01-,0,0,GREEN,0
2026-09-01T00:05:43.033098+00:00,Calbuco,1508-02-,0,0,GREEN,0
2026-09-01T00:05:43.033098+00:00,Yate,1508-022,0,2,GREEN,2
2026-09-01T00:05:43.033098+00:00,Hornopiren,1508-023,0,2,GREEN,2
2026-09-01T00:05:43.033098+00:00,Huequi,1508-03-,0,2,GREEN,2
2026-09-01T00:05:43.033098+00:00,Michinmahuida,1508-04-,0,2,GREEN,2
2026-09-01T00:05:43.033098+00:00,Chaiten,1508-041,0,2,GREEN,2
2026-09-01T00:05:43.033098+00:00,Corcovado,1508-05-,0,0,GREEN,0
2026-09-01T00:05:43.033098+00:00,Melimoyu,1508-052,0,0,GREEN,0
2026-09-01T00:05:43.033098+00:00,Mentolat,1508-054,0,0,GREEN,0
2026-09-01T00:05:43.033098+00:00,Cay,1508-055,0,0,GREEN,0
2026-09-01T00:05:43.033098+00:00,Maca,1508-056,0,0,GREEN,0
2026-09-01T00:05:43.033098+00:00,Hudson,1508-057,0,0,GREEN,0
2026-09-01T00:05:43.033098+00:00,Wai Sano (IDN),0604-06-,0,0,GREEN,0
2026-09-01T00:05:43.033098+00:00,Ranakah (IDN),0604-071,0,0,GREEN,0
2026-09-01T00:05:43.033098+00:00,Ambrym (VUT),0507-04-,0,0,GREEN,0
2026-09-01T00:05:43.033098+00:00,Jingbo (CHN),1005-04-,0,0,GREEN,0
2026-09-01T00:05:43.033098+00:00,Kishb Harrat (SAU),0301-071,0,0,GREEN,0
2026-09-01T00:05:43.033098+00:00,Semeru (IDN),0603-30-,0,0,GREEN,0
2026-09-01T00:05:43.033098+00:00,Kavachi (SLB),0505-06-,0,0,GREEN,0
2026-09-01T00:10:43.762463+00:00,Acatenango,1402-09-,0,5,GREEN,5
2026-09-01T00:10:43.762463+00:00,Fuego,1402-10-,0,13,GREEN,13
2026-09-01T00:10:43.762463+00:00,Agua,1402-111,0,119,GREEN,119
2026-09-01T00:10:43.762463+00:00,Concepcion (NIC),1404-12-,0,3,GREEN,3
2026-09-01T00:10:43.762463+00:00,Maderas (NIC),1404-13-,0,3,GREEN,3
2026-09-01T00:10:43.762463+00:00,Orosi (CRI),1405-01-,0,0,GREEN,0
2026-09-01T00:10:43.762463+00:00,Rincon de la Vieja (CRI),1405-02-,0,0,GREEN,0
2026-09-01T00:10:43.762463+00:00,Taapaca,1505-011,0,0,GREEN,0
2026-09-01T00:10:43.762463+00:00,Parinacota,1505-012,0,0,GREEN,0
2026-09-01T00:10:43.762463+00:00,Guallatiri,1505-02-,0,0,GREEN,0
2026-09-01T00:10:43.762463+00:00,Isluga,1505-03-,0,0,GREEN,0
2026-09-01T00:10:43.762463+00:00,Irruputuncu,1505-04-,0,0,GREEN,0
2026-09-01T00:10:43.762463+00:00,Ollague,1505-06-,0,0,GREEN,0
2026-09-01T00:10:43.762463+00:00,San Pedro,1505-07-,0,0,GREEN,0
2026-09-01T00:10:43.762463+00:00,Lascar,1505-10-,0,0,GREEN,0
2026-09-01T00:10:43.762463+00:00,Tupungatito,1507-01-,0,0,GREEN,0
2026-09-01T00:10:43.762463+00:00,San Jose,1507-02-,0,0,GREEN,0
2026-09-01T00:10:43.762463+00:00,Tinguiririca,1507-03-,0,0,GREEN,0
2026-09-01T00:10:43.762463+00:00,Planchon-Peteroa,1507-04-,0,0,GREEN,0
2026-09-01T00:10:43.762463+00:00,Descabezado Grande,1507-05-,0,0,GREEN,0
2026-09-01T00:10:43.762463+00:00,Tatara-San Pedro,1507-062,0,0,GREEN,0
2026-09-01T00:10:43.762463+00:00,Laguna del Maule,1507-061,0,0,GREEN,0
2026-09-01T00:10:43.762463+00:00,Nevado de Longavi,1507-063,0,0,GREEN,0
2026-09-01T00:10:43.762463+00:00,Nevados de Chillan,1507-07-,0,0,GREEN,0
2026-09-01T00:10:43.762463+00:00,Antuco,1507-08-,0,0,GREEN,0
2026-09-01T00:10:43.762463+00:00,Copahue,1507-09-,0,0,GREEN,0
2026-09-01T00:10:43.762463+00:00,Callaqui,1507-091,0,0,GREEN,0
2026-09-01T00:10:43.762463+00:00,Lonquimay,1507-10-,0,0,GREEN,0
2026-09-01T00:10:43.762463+00:00,Llaima,1507-11-,0,0,GREEN,0
2026-09-01T00:10:43.762463+00:00,Sollipulli,1507-111,0,0,GREEN,0
2026-09-01T00:10:43.762463+00:00,Villarrica,1507-12-,0,0,GREEN,0
2026-09-01T00:10:43.762463+00:00,Quetrupillan,1507-121,0,0,GREEN,0
2026-09-01T00:10:43.762463+00:00,Lanin,1507-122,0,0,GREEN,0
2026-09-01T00:10:43.762463+00:00,Mocho-Choshuenco,1507-13-,0,0,GREEN,0
2026-09-01T00:10:43.762463+00:00,Carran - Los Venados,1507-14-,0,0,GREEN,0
2026-09-01T00:10:43.762463+00:00,Puyehue - Cordon Caulle,1507-15-,0,0,GREEN,0
2026-09-01T00:10:43.762463+00:00,Antillanca - Casablanca,1507-153,0,0,GREEN,0
2026-09-01T00:10:43.762463+00:00,Osorno,1508-01-,0,0,GREEN,0
2026-09-01T00:10:43.762463+00:00,Calbuco,1508-02-,0,0,GREEN,0
2026-09-01T00:10:43.762463+00:00,Yate,1508-022,0,2,GREEN,2
2026-09-01T00:10:43.762463+00:00,Hornopiren,1508-023,0,2,GREEN,2
2026-09-01T00:10:43.762463+00:00,Huequi,1508-03-,0,2,GREEN,2
2026-09-01T00:10:43.762463+00:00,Michinmahuida,1508-04-,0,2,GREEN,2
2026-09-01T00:10:43.762463+00:00,Chaiten,1508-041,0,2,GREEN,2
2026-09-01T00:10:43.762463+00:00,Corcovado,1508-05-,0,0,GREEN,0
2026-09-01T00:10:43.762463+00:00,Melimoyu,1508-052,0,0,GREEN,0
2026-09-01T00:10:43.762463+00:00,Mentolat,1508-054,0,0,GREEN,0
2026-09-01T00:10:43.762463+00:00,Cay,1508-055,0,0,GREEN,0
2026-09-01T00:10:43.762463+00:00,Maca,1508-056,0,0,GREEN,0
2026-09-01T00:10:43.762463+00:00,Hudson,1508-057,0,0,GREEN,0
2026-09-01T00:10:43.762463+00:00,Wai Sano (IDN),0604-06-,0,0,GREEN,0
2026-09-01T00:10:43.762463+00:00,Ranakah (IDN),0604-071,0,0,GREEN,0
2026-09-01T00:10:43.762463+00:00,Ambrym (VUT),0507-04-,0,0,GREEN,0
2026-09-01T00:10:43.762463+00:00,Jingbo (CHN),1005-04-,0,0,GREEN,0
2026-09-01T00:10:43.762463+00:00,Kishb Harrat (SAU),0301-071,0,0,GREEN,0
2026-09-01T00:10:43.762463+00:00,Semeru (IDN),0603-30-,0,0,GREEN,0
2026-09-01T00:10:43.762463+00:00,Kavachi (SLB),0505-06-,0,0,GREEN,0
2026-09-01T00:15:46.020199+00:00,Acatenango,1402-09-,0,9,GREEN,9
2026-09-01T00:15:46.020199+00:00,Fuego,1402-10-,0,24,GREEN,24
2026-09-01T00:15:46.020199+00:00,Agua,1402-111,0,146,GREEN,146
2026-09-01T00:15:46.020199+00:00,Concepcion (NIC),1404-12-,0,3,GREEN,3
2026-09-01T00:15:46.020199+00:00,Maderas (NIC),1404-13-,0,3,GREEN,3
2026-09-01T00:15:46.020199+00:00,Orosi (CRI),1405-01-,0,0,GREEN,0
2026-09-01T00:15:46.020199+00:00,Rincon de la Vieja (CRI),1405-02-,0,0,GREEN,0
2026-09-01T00:15:46.020199+00:00,Taapaca,1505-011,0,0,GREEN,0
2026-09-01T00:15:46.020199+00:00,Parinacota,1505-012,0,0,GREEN,0
2026-09-01T00:15:46.020199+00:00,Guallatiri,1505-02-,0,0,GREEN,0
2026-09-01T00:15:46.020199+00:00,Isluga,1505-03-,0,0,GREEN,0
2026-09-01T00:15:46.020199+00:00,Irruputuncu,1505-04-,0,0,GREEN,0
2026-09-01T00:15:46.020199+00:00,Ollague,1505-06-,0,0,GREEN,0
2026-09-01T00:15:46.020199+00:00,San Pedro,1505-07-,0,0,GREEN,0
2026-09-01T00:15:46.020199+00:00,Lascar,1505-10-,0,0,GREEN,0
2026-09-01T00:15:46.020199+00:00,Tupungatito,1507-01-,0,0,GREEN,0
2026-09-01T00:15:46.020199+00:00,San Jose,1507-02-,0,0,GREEN,0
2026-09-01T00:15:46.020199+00:00,Tinguiririca,1507-03-,0,0,GREEN,0
2026-09-01T00:15:46.020199+00:00,Planchon-Peteroa,1507-04-,0,0,GREEN,0
2026-09-01T00:15:46.020199+00:00,Descabezado Grande,1507-05-,0,0,GREEN,0
2026-09-01T00:15:46.020199+00:00,Tatara-San Pedro,1507-062,0,0,GREEN,0
2026-09-01T00:15:46.020199+00:00,Laguna del Maule,1507-061,0,0,GREEN,0
2026-09-01T00:15:46.020199+00:00,Nevado de Longavi,1507-063,0,0,GREEN,0
2026-09-01T00:15:46.020199+00:00,Nevados de Chillan,1507-07-,0,0,GREEN,0
2026-09-01T00:15:46.020199+00:00,Antuco,1507-08-,0,0,GREEN,0
2026-09-01T00:15:46.020199+00:00,Copahue,1507-09-,0,0,GREEN,0
2026-09-01T00:15:46.020199+00:00,Callaqui,1507-091,0,0,GREEN,0
2026-09-01T00:15:46.020199+00:00,Lonquimay,1507-10-,0,0,GREEN,0
2026-09-01T00:15:46.020199+00:00,Llaima,1507-11-,0,0,GREEN,0
2026-09-01T00:15:46.020199+00:00,Sollipulli,1507-111,0,0,GREEN,0
2026-09-01T00:15:46.020199+00:00,Villarrica,1507-12-,0,0,GREEN,0
2026-09-01T00:15:46.020199+00:00,Quetrupillan,1507-121,0,0,GREEN,0
2026-09-01T00:15:46.020199+00:00,Lanin,1507-122,0,0,GREEN,0
2026-09-01T00:15:46.020199+00:00,Mocho-Choshuenco,1507-13-,0,0,GREEN,0
2026-09-01T00:15:46.020199+00:00,Carran - Los Venados,1507-14-,0,0,GREEN,0
2026-09-01T00:15:46.020199+00:00,Puyehue - Cordon Caulle,1507-15-,0,0,GREEN,0
2026-09-01T00:15:46.020199+00:00,Antillanca - Casablanca,1507-153,0,0,GREEN,0
2026-09-01T00:15:46.020199+00:00,Osorno,1508-01-,0,0,GREEN,0
2026-09-01T00:15:46.020199+00:00,Calbuco,1508-02-,0,0,GREEN,0
2026-09-01T00:15:46.020199+00:00,Yate,1508-022,0,2,GREEN,2
2026-09-01T00:15:46.020199+00:00,Hornopiren,1508-023,0,2,GREEN,2
2026-09-01T00:15:46.020199+00:00,Huequi,1508-03-,0,2,GREEN,2
2026-09-01T00:15:46.020199+00:00,Michinmahuida,1508-04-,0,2,GREEN,2
2026-09-01T00:15:46.020199+00:00,Chaiten,1508-041,0,2,GREEN,2
2026-09-01T00:15:46.020199+00:00,Corcovado,1508-05-,0,0,GREEN,0
2026-09-01T00:15:46.020199+00:00,Melimoyu,1508-052,0,0,GREEN,0
2026-09-01T00:15:46.020199+00:00,Mentolat,1508-054,0,0,GREEN,0
2026-09-01T00:15:46.020199+00:00,Cay,1508-055,0,0,GREEN,0
2026-09-01T00:15:46.020199+00:00,Maca,1508-056,0,0,GREEN,0
2026-09-01T00:15:46.020199+00:00,Hudson,1508-057,0,0,GREEN,0
2026-09-01T00:15:46.020199+00:00,Wai Sano (IDN),0604-06-,0,0,GREEN,0
2026-09-01T00:15:46.020199+00:00,Ranakah (IDN),0604-071,0,0,GREEN,0
2026-09-01T00:15:46.020199+00:00,Ambrym (VUT),0507-04-,0,0,GREEN,0
2026-09-01T00:15:46.020199+00:00,Jingbo (CHN),1005-04-,0,0,GREEN,0
2026-09-01T00:15:46.020199+00:00,Kishb Harrat (SAU),0301-071,0,0,GREEN,0
2026-09-01T00:15:46.020199+00:00,Semeru (IDN),0603-30-,0,0,GREEN,0
2026-09-01T00:15:46.020199+00:00,Kavachi (SLB),0505-06-,0,0,GREEN,0
2026-09-01T00:20:42.554239+00:00,Acatenango,1402-09-,0,33,GREEN,33
2026-09-01T00:20:42.554239+00:00,Fuego,1402-10-,0,71,GREEN,71
2026-09-01T00:20:42.554239+00:00,Agua,1402-111,11,177,YELLOW,199
2026-09-01T00:20:42.554239+00:00,Concepcion (NIC),1404-12-,0,3,GREEN,3
2026-09-01T00:20:42.554239+00:00,Maderas (NIC),1404-13-,0,3,GREEN,3
2026-09-01T00:20:42.554239+00:00,Orosi (CRI),1405-01-,0,0,GREEN,0
2026-09-01T00:20:42.554239+00:00,Rincon de la Vieja (CRI),1405-02-,0,0,GREEN,0
2026-09-01T00:20:42.554239+00:00,Taapaca,1505-011,0,0,GREEN,0
2026-09-01T00:20:42.554239+00:00,Parinacota,1505-012,0,0,GREEN,0
2026-09-01T00:20:42.554239+00:00,Guallatiri,1505-02-,0,0,GREEN,0
2026-09-01T00:20:42.554239+00:00,Isluga,1505-03-,0,0,GREEN,0
2026-09-01T00:20:42.554239+00:00,Irruputuncu,1505-04-,0,0,GREEN,0
2026-09-01T00:20:42.554239+00:00,Ollague,1505-06-,0,0,GREEN,0
2026-09-01T00:20:42.554239+00:00,San Pedro,1505-07-,0,0,GREEN,0
2026-09-01T00:20:42.554239+00:00,Lascar,1505-10-,0,0,GREEN,0
2026-09-01T00:20:42.554239+00:00,Tupungatito,1507-01-,0,0,GREEN,0
2026-09-01T00:20:42.554239+00:00,San Jose,1507-02-,0,0,GREEN,0
2026-09-01T00:20:42.554239+00:00,Tinguiririca,1507-03-,0,0,GREEN,0
2026-09-01T00:20:42.554239+00:00,Planchon-Peteroa,1507-04-,0,0,GREEN,0
2026-09-01T00:20:42.554239+00:00,Descabezado Grande,1507-05-,0,0,GREEN,0
2026-09-01T00:20:42.554239+00:00,Tatara-San Pedro,1507-062,0,0,GREEN,0
2026-09-01T00:20:42.554239+00:00,Laguna del Maule,1507-061,0,0,GREEN,0
2026-09-01T00:20:42.554239+00:00,Nevado de Longavi,1507-063,0,0,GREEN,0
2026-09-01T00:20:42.554239+00:00,Nevados de Chillan,1507-07-,0,0,GREEN,0
2026-09-01T00:20:42.554239+00:00,Antuco,1507-08-,0,0,GREEN,0
2026-09-01T00:20:42.554239+00:00,Copahue,1507-09-,0,0,GREEN,0
2026-09-01T00:20:42.554239+00:00,Callaqui,1507-091,0,0,GREEN,0
2026-09-01T00:20:42.554239+00:00,Lonquimay,1507-10-,0,0,GREEN,0
2026-09-01T00:20:42.554239+00:00,Llaima,1507-11-,0,0,GREEN,0
2026-09-01T00:20:42.554239+00:00,Sollipulli,1507-111,0,0,GREEN,0
2026-09-01T00:20:42.554239+00:00,Villarrica,1507-12-,0,0,GREEN,0
2026-09-01T00:20:42.554239+00:00,Quetrupillan,1507-121,0,0,GREEN,0
2026-09-01T00:20:42.554239+00:00,Lanin,1507-122,0,0,GREEN,0
2026-09-01T00:20:42.554239+00:00,Mocho-Choshuenco,1507-13-,0,0,GREEN,0
2026-09-01T00:20:42.554239+00:00,Carran - Los Venados,1507-14-,0,0,GREEN,0
2026-09-01T00:20:42.554239+00:00,Puyehue - Cordon Caulle,1507-15-,0,0,GREEN,0
2026-09-01T00:20:42.554239+00:00,Antillanca - Casablanca,1507-153,0,0,GREEN,0
2026-09-01T00:20:42.554239+00:00,Osorno,1508-01-,0,0,GREEN,0
2026-09-01T00:20:42.554239+00:00,Calbuco,1508-02-,0,0,GREEN,0
2026-09-01T00:20:42.554239+00:00,Yate,1508-022,0,2,GREEN,2
2026-09-01T00:20:42.554239+00:00,Hornopiren,1508-023,0,2,GREEN,2
2026-09-01T00:20:42.554239+00:00,Huequi,1508-03-,0,2,GREEN,2
2026-09-01T00:20:42.554239+00:00,Michinmahuida,1508-04-,0,2,GREEN,2
2026-09-01T00:20:42.554239+00:00,Chaiten,1508-041,0,2,GREEN,2
2026-09-01T00:20:42.554239+00:00,Corcovado,1508-05-,0,0,GREEN,0
2026-09-01T00:20:42.554239+00:00,Melimoyu,1508-052,0,0,GREEN,0
2026-09-01T00:20:42.554239+00:00,Mentolat,1508-054,0,0,GREEN,0
2026-09-01T00:20:42.554239+00:00,Cay,1508-055,0,0,GREEN,0
2026-09-01T00:20:42.554239+00:00,Maca,1508-056,0,0,GREEN,0
2026-09-01T00:20:42.554239+00:00,Hudson,1508-057,0,0,GREEN,0
2026-09-01T00:20:42.554239+00:00,Wai Sano (IDN),0604-06-,0,0,GREEN,0
2026-09-01T00:20:42.554239+00:00,Ranakah (IDN),0604-071,0,0,GREEN,0
2026-09-01T00:20:42.554239+00:00,Ambrym (VUT),0507-04-,0,0,GREEN,0
2026-09-01T00:20:42.554239+00:00,Jingbo (CHN),1005-04-,0,0,GREEN,0
2026-09-01T00:20:42.554239+00:00,Kishb Harrat (SAU),0301-071,0,0,GREEN,0
2026-09-01T00:20:42.554239+00:00,Semeru (IDN),0603-30-,0,0,GREEN,0
2026-09-01T00:20:42.554239+00:00,Kavachi (SLB),0505-06-,0,0,GREEN,0
2026-09-01T00:25:43.812073+00:00,Acatenango,1402-09-,0,94,GREEN,94
2026-09-01T00:25:43.812073+00:00,Fuego,1402-10-,0,164,GREEN,164
2026-09-01T00:25:43.812073+00:00,Agua,1402-111,36,236,YELLOW,308
2026-09-01T00:25:43.812073+00:00,Concepcion (NIC),1404-12-,0,1,GREEN,1
2026-09-01T00:25:43.812073+00:00,Maderas (NIC),1404-13-,0,1,GREEN,1
2026-09-01T00:25:43.812073+00:00,Orosi (CRI),1405-01-,0,0,GREEN,0
2026-09-01T00:25:43.812073+00:00,Rincon de la Vieja (CRI),1405-02-,0,0,GREEN,0
2026-09-01T00:25:43.812073+00:00,Taapaca,1505-011,0,0,GREEN,0
2026-09-01T00:25:43.812073+00:00,Parinacota,1505-012,0,0,GREEN,0
2026-09-01T00:25:43.812073+00:00,Guallatiri,1505-02-,0,0,GREEN,0
2026-09-01T00:25:43.812073+00:00,Isluga,1505-03-,0,0,GREEN,0
2026-09-01T00:25:43.812073+00:00,Irruputuncu,1505-04-,0,0,GREEN,0
2026-09-01T00:25:43.812073+00:00,Ollague,1505-06-,0,0,GREEN,0
2026-09-01T00:25:43.812073+00:00,San Pedro,1505-07-,0,0,GREEN,0
2026-09-01T00:25:43.812073+00:00,Lascar,1505-10-,0,0,GREEN,0
2026-09-01T00:25:43.812073+00:00,Tupungatito,1507-01-,0,0,GREEN,0
2026-09-01T00:25:43.812073+00:00,San Jose,1507-02-,0,0,GREEN,0
2026-09-01T00:25:43.812073+00:00,Tinguiririca,1507-03-,0,0,GREEN,0
2026-09-01T00:25:43.812073+00:00,Planchon-Peteroa,1507-04-,0,0,GREEN,0
2026-09-01T00:25:43.812073+00:00,Descabezado Grande,1507-05-,0,0,GREEN,0
2026-09-01T00:25:43.812073+00:00,Tatara-San Pedro,1507-062,0,0,GREEN,0
2026-09-01T00:25:43.812073+00:00,Laguna del Maule,1507-061,0,0,GREEN,0
2026-09-01T00:25:43.812073+00:00,Nevado de Longavi,1507-063,0,0,GREEN,0
2026-09-01T00:25:43.812073+00:00,Nevados de Chillan,1507-07-,0,0,GREEN,0
2026-09-01T00:25:43.812073+00:00,Antuco,1507-08-,0,0,GREEN,0
2026-09-01T00:25:43.812073+00:00,Copahue,1507-09-,0,0,GREEN,0
2026-09-01T00:25:43.812073+00:00,Callaqui,1507-091,0,0,GREEN,0
2026-09-01T00:25:43.812073+00:00,Lonquimay,1507-10-,0,0,GREEN,0
2026-09-01T00:25:43.812073+00:00,Llaima,1507-11-,0,0,GREEN,0
2026-09-01T00:25:43.812073+00:00,Sollipulli,1507-111,0,0,GREEN,0
2026-09-01T00:25:43.812073+00:00,Villarrica,1507-12-,0,0,GREEN,0
2026-09-01T00:25:43.812073+00:00,Quetrupillan,1507-121,0,0,GREEN,0
2026-09-01T00:25:43.812073+00:00,Lanin,1507-122,0,0,GREEN,0
2026-09-01T00:25:43.812073+00:00,Mocho-Choshuenco,1507-13-,0,0,GREEN,0
2026-09-01T00:25:43.812073+00:00,Carran - Los Venados,1507-14-,0,0,GREEN,0
2026-09-01T00:25:43.812073+00:00,Puyehue - Cordon Caulle,1507-15-,0,0,GREEN,0
2026-09-01T00:25:43.812073+00:00,Antillanca - Casablanca,1507-153,0,0,GREEN,0
2026-09-01T00:25:43.812073+00:00,Osorno,1508-01-,0,0,GREEN,0
2026-09-01T00:25:43.812073+00:00,Calbuco,1508-02-,0,0,GREEN,0
2026-09-01T00:25:43.812073+00:00,Yate,1508-022,0,2,GREEN,2
2026-09-01T00:25:43.812073+00:00,Hornopiren,1508-023,0,2,GREEN,2
2026-09-01T00:25:43.812073+00:00,Huequi,1508-03-,0,2,GREEN,2
2026-09-01T00:25:43.812073+00:00,Michinmahuida,1508-04-,0,2,GREEN,2
2026-09-01T00:25:43.812073+00:00,Chaiten,1508-041,0,2,GREEN,2
2026-09-01T00:25:43.812073+00:00,Corcovado,1508-05-,0,0,GREEN,0
2026-09-01T00:25:43.812073+00:00,Melimoyu,1508-052,0,0,GREEN,0
2026-09-01T00:25:43.812073+00:00,Mentolat,1508-054,0,0,GREEN,0
2026-09-01T00:25:43.812073+00:00,Cay,1508-055,0,0,GREEN,0
2026-09-01T00:25:43.812073+00:00,Maca,1508-056,0,0,GREEN,0
2026-09-01T00:25:43.812073+00:00,Hudson,1508-057,0,0,GREEN,0
2026-09-01T00:25:43.812073+00:00,Wai Sano (IDN),0604-06-,0,0,GREEN,0
2026-09-01T00:25:43.812073+00:00,Ranakah (IDN),0604-071,0,0,GREEN,0
2026-09-01T00:25:43.812073+00:00,Ambrym (VUT),0507-04-,0,0,GREEN,0
2026-09-01T00:25:43.812073+00:00,Jingbo (CHN),1005-04-,0,0,GREEN,0
2026-09-01T00:25:43.812073+00:00,Kishb Harrat (SAU),0301-071,0,0,GREEN,0
2026-09-01T00:25:43.812073+00:00,Semeru (IDN),0603-30-,0,0,GREEN,0
2026-09-01T00:25:43.812073+00:00,Kavachi (SLB),0505-06-,0,0,GREEN,0
2026-09-01T00:31:00.491930+00:00,Acatenango,1402-09-,0,183,GREEN,183
2026-09-01T00:31:00.491930+00:00,Fuego,1402-10-,0,286,GREEN,286
2026-09-01T00:31:00.491930+00:00,Agua,1402-111,54,348,YELLOW,456
2026-09-01T00:31:00.491930+00:00,Concepcion (NIC),1404-12-,0,1,GREEN,1
2026-09-01T00:31:00.491930+00:00,Maderas (NIC),1404-13-,0,1,GREEN,1
2026-09-01T00:31:00.491930+00:00,Orosi (CRI),1405-01-,0,0,GREEN,0
2026-09-01T00:31:00.491930+00:00,Rincon de la Vieja (CRI),1405-02-,0,0,GREEN,0
2026-09-01T00:31:00.491930+00:00,Taapaca,1505-011,0,0,GREEN,0
2026-09-01T00:31:00.491930+00:00,Parinacota,1505-012,0,0,GREEN,0
2026-09-01T00:31:00.491930+00:00,Guallatiri,1505-02-,0,0,GREEN,0
2026-09-01T00:31:00.491930+00:00,Isluga,1505-03-,0,0,GREEN,0
2026-09-01T00:31:00.491930+00:00,Irruputuncu,1505-04-,0,0,GREEN,0
2026-09-01T00:31:00.491930+00:00,Ollague,1505-06-,0,0,GREEN,0
2026-09-01T00:31:00.491930+00:00,San Pedro,1505-07-,0,0,GREEN,0
2026-09-01T00:31:00.491930+00:00,Lascar,1505-10-,0,0,GREEN,0
2026-09-01T00:31:00.491930+00:00,Tupungatito,1507-01-,0,0,GREEN,0
2026-09-01T00:31:00.491930+00:00,San Jose,1507-02-,0,0,GREEN,0
2026-09-01T00:31:00.491930+00:00,Tinguiririca,1507-03-,0,0,GREEN,0
2026-09-01T00:31:00.491930+00:00,Planchon-Peteroa,1507-04-,0,0,GREEN,0
2026-09-01T00:31:00.491930+00:00,Descabezado Grande,1507-05-,0,0,GREEN,0
2026-09-01T00:31:00.491930+00:00,Tatara-San Pedro,1507-062,0,0,GREEN,0
2026-09-01T00:31:00.491930+00:00,Laguna del Maule,1507-061,0,0,GREEN,0
2026-09-01T00:31:00.491930+00:00,Nevado de Longavi,1507-063,0,0,GREEN,0
2026-09-01T00:31:00.491930+00:00,Nevados de Chillan,1507-07-,0,0,GREEN,0
2026-09-01T00:31:00.491930+00:00,Antuco,1507-08-,0,0,GREEN,0
2026-09-01T00:31:00.491930+00:00,Copahue,1507-09-,0,0,GREEN,0
2026-09-01T00:31:00.491930+00:00,Callaqui,1507-091,0,0,GREEN,0
2026-09-01T00:31:00.491930+00:00,Lonquimay,1507-10-,0,0,GREEN,0
2026-09-01T00:31:00.491930+00:00,Llaima,1507-11-,0,0,GREEN,0
2026-09-01T00:31:00.491930+00:00,Sollipulli,1507-111,0,0,GREEN,0
2026-09-01T00:31:00.491930+00:00,Villarrica,1507-12-,0,0,GREEN,0
2026-09-01T00:31:00.491930+00:00,Quetrupillan,1507-121,0,0,GREEN,0
2026-09-01T00:31:00.491930+00:00,Lanin,1507-122,0,0,GREEN,0
2026-09-01T00:31:00.491930+00:00,Mocho-Choshuenco,1507-13-,0,0,GREEN,0
2026-09-01T00:31:00.491930+00:00,Carran - Los Venados,1507-14-,0,0,GREEN,0
2026-09-01T00:31:00.491930+00:00,Puyehue - Cordon Caulle,1507-15-,0,0,GREEN,0
2026-09-01T00:31:00.491930+00:00,Antillanca - Casablanca,1507-153,0,0,GREEN,0
2026-09-01T00:31:00.491930+00:00,Osorno,1508-01-,0,0,GREEN,0
2026-09-01T00:31:00.491930+00:00,Calbuco,1508-02-,0,0,GREEN,0
2026-09-01T00:31:00.491930+00:00,Yate,1508-022,0,1,GREEN,1
2026-09-01T00:31:00.491930+00:00,Hornopiren,1508-023,0,1,GREEN,1
2026-09-01T00:31:00.491930+00:00,Huequi,1508-03-,0,1,GREEN,1
2026-09-01T00:31:00.491930+00:00,Michinmahuida,1508-04-,0,1,GREEN,1
2026-09-01T00:31:00.491930+00:00,Chaiten,1508-041,0,1,GREEN,1
2026-09-01T00:31:00.491930+00:00,Corcovado,1508-05-,0,0,GREEN,0
2026-09-01T00:31:00.491930+00:00,Melimoyu,1508-052,0,0,GREEN,0
2026-09-01T00:31:00.491930+00:00,Mentolat,1508-054,0,0,GREEN,0
2026-09-01T00:31:00.491930+00:00,Cay,1508-055,0,0,GREEN,0
2026-09-01T00:31:00.491930+00:00,Maca,1508-056,0,0,GREEN,0
2026-09-01T00:31:00.491930+00:00,Hudson,1508-057,0,0,GREEN,0
2026-09-01T00:31:00.491930+00:00,Wai Sano (IDN),0604-06-,0,0,GREEN,0
2026-09-01T00:31:00.491930+00:00,Ranakah (IDN),0604-071,0,0,GREEN,0
2026-09-01T00:31:00.491930+00:00,Ambrym (VUT),0507-04-,0,0,GREEN,0
2026-09-01T00:31:00.491930+00:00,Jingbo (CHN),1005-04-,0,0,GREEN,0
2026-09-01T00:31:00.491930+00:00,Kishb Harrat (SAU),0301-071,0,0,GREEN,0
2026-09-01T00:31:00.491930+00:00,Semeru (IDN),0603-30-,0,0,GREEN,0
2026-09-01T00:31:00.491930+00:00,Kavachi (SLB),0505-06-,0,0,GREEN,0
2026-09-01T00:35:24.722169+00:00,Acatenango,1402-09-,0,255,GREEN,255
2026-09-01T00:35:24.722169+00:00,Fuego,1402-10-,0,391,GREEN,391
2026-09-01T00:35:24.722169+00:00,Agua,1402-111,64,459,YELLOW,587
2026-09-01T00:35:24.722169+00:00,Concepcion (NIC),1404-12-,0,0,GREEN,0
2026-09-01T00:35:24.722169+00:00,Maderas (NIC),1404-13-,0,0,GREEN,0
2026-09-01T00:35:24.722169+00:00,Orosi (CRI),1405-01-,0,0,GREEN,0
2026-09-01T00:35:24.722169+00:00,Rincon de la Vieja (CRI),1405-02-,0,0,GREEN,0
2026-09-01T00:35:24.722169+00:00,Taapaca,1505-011,0,0,GREEN,0
2026-09-01T00:35:24.722169+00:00,Parinacota,1505-012,0,0,GREEN,0
2026-09-01T00:35:24.722169+00:00,Guallatiri,1505-02-,0,0,GREEN,0
2026-09-01T00:35:24.722169+00:00,Isluga,1505-03-,0,0,GREEN,0
2026-09-01T00:35:24.722169+00:00,Irruputuncu,1505-04-,0,0,GREEN,0
2026-09-01T00:35:24.722169+00:00,Ollague,1505-06-,0,0,GREEN,0
2026-09-01T00:35:24.722169+00:00,San Pedro,1505-07-,0,0,GREEN,0
2026-09-01T00:35:24.722169+00:00,Lascar,1505-10-,0,0,GREEN,0
2026-09-01T00:35:24.722169+00:00,Tupungatito,1507-01-,0,0,GREEN,0
2026-09-01T00:35:24.722169+00:00,San Jose,1507-02-,0,0,GREEN,0
2026-09-01T00:35:24.722169+00:00,Tinguiririca,1507-03-,0,0,GREEN,0
2026-09-01T00:35:24.722169+00:00,Planchon-Peteroa,1507-04-,0,0,GREEN,0
2026-09-01T00:35:24.722169+00:00,Descabezado Grande,1507-05-,0,0,GREEN,0
2026-09-01T00:35:24.722169+00:00,Tatara-San Pedro,1507-062,0,0,GREEN,0
2026-09-01T00:35:24.722169+00:00,Laguna del Maule,1507-061,0,0,GREEN,0
2026-09-01T00:35:24.722169+00:00,Nevado de Longavi,1507-063,0,0,GREEN,0
2026-09-01T00:35:24.722169+00:00,Nevados de Chillan,1507-07-,0,0,GREEN,0
2026-09-01T00:35:24.722169+00:00,Antuco,1507-08-,0,0,GREEN,0
2026-09-01T00:35:24.722169+00:00,Copahue,1507-09-,0,0,GREEN,0
2026-09-01T00:35:24.722169+00:00,Callaqui,1507-091,0,0,GREEN,0
2026-09-01T00:35:24.722169+00:00,Lonquimay,1507-10-,0,0,GREEN,0
2026-09-01T00:35:24.722169+00:00,Llaima,1507-11-,0,0,GREEN,0
2026-09-01T00:35:24.722169+00:00,Sollipulli,1507-111,0,0,GREEN,0
2026-09-01T00:35:24.722169+00:00,Villarrica,1507-12-,0,0,GREEN,0
2026-09-01T00:35:24.722169+00:00,Quetrupillan,1507-121,0,0,GREEN,0
2026-09-01T00:35:24.722169+00:00,Lanin,1507-122,0,0,GREEN,0
2026-09-01T00:35:24.722169+00:00,Mocho-Choshuenco,1507-13-,0,0,GREEN,0
2026-09-01T00:35:24.722169+00:00,Carran - Los Venados,1507-14-,0,0,GREEN,0
2026-09-01T00:35:24.722169+00:00,Puyehue - Cordon Caulle,1507-15-,0,0,GREEN,0
2026-09-01T00:35:24.722169+00:00,Antillanca - Casablanca,1507-153,0,0,GREEN,0
2026-09-01T00:35:24.722169+00:00,Osorno,1508-01-,0,0,GREEN,0
2026-09-01T00:35:24.722169+00:00,Calbuco,1508-02-,0,0,GREEN,0
2026-09-01T00:35:24.722169+00:00,Yate,1508-022,0,0,GREEN,0
2026-09-01T00:35:24.722169+00:00,Hornopiren,1508-023,0,0,GREEN,0
2026-09-01T00:35:24.722169+00:00,Huequi,1508-03-,0,0,GREEN,0
2026-09-01T00:35:24.722169+00:00,Michinmahuida,1508-04-,0,0,GREEN,0
2026-09-01T00:35:24.722169+00:00,Chaiten,1508-041,0,0,GREEN,0
2026-09-01T00:35:24.722169+00:00,Corcovado,1508-05-,0,0,GREEN,0
2026-09-01T00:35:24.722169+00:00,Melimoyu,1508-052,0,0,GREEN,0
2026-09-01T00:35:24.722169+00:00,Mentolat,1508-054,0,0,GREEN,0
2026-09-01T00:35:24.722169+00:00,Cay,1508-055,0,0,GREEN,0
2026-09-01T00:35:24.722169+00:00,Maca,1508-056,0,0,GREEN,0
2026-09-01T00:35:24.722169+00:00,Hudson,1508-057,0,0,GREEN,0
2026-09-01T00:35:24.722169+00:00,Wai Sano (IDN),0604-06-,0,0,GREEN,0
2026-09-01T00:35:24.722169+00:00,Ranakah (IDN),0604-071,0,0,GREEN,0
2026-09-01T00:35:24.722169+00:00,Ambrym (VUT),0507-04-,0,0,GREEN,0
2026-09-01T00:35:24.722169+00:00,Jingbo (CHN),1005-04-,0,0,GREEN,0
2026-09-01T00:35:24.722169+00:00,Kishb Harrat (SAU),0301-071,0,0,GREEN,0
2026-09-01T00:35:24.722169+00:00,Semeru (IDN),0603-30-,0,0,GREEN,0
2026-09-01T00:35:24.722169+00:00,Kavachi (SLB),0505-06-,0,0,GREEN,0
2026-09-01T00:40:43.482802+00:00,Acatenango,1402-09-,0,301,GREEN,301
2026-09-01T00:40:43.482802+00:00,Fuego,1402-10-,0,454,GREEN,454
2026-09-01T00:40:43.482802+00:00,Agua,1402-111,68,560,YELLOW,696
2026-09-01T00:40:43.482802+00:00,Concepcion (NIC),1404-12-,0,0,GREEN,0
2026-09-01T00:40:43.482802+00:00,Maderas (NIC),1404-13-,0,0,GREEN,0
2026-09-01T00:40:43.482802+00:00,Orosi (CRI),1405-01-,0,0,GREEN,0
2026-09-01T00:40:43.482802+00:00,Rincon de la Vieja (CRI),1405-02-,0,0,GREEN,0
2026-09-01T00:40:43.482802+00:00,Taapaca,1505-011,0,0,GREEN,0
2026-09-01T00:40:43.482802+00:00,Parinacota,1505-012,0,0,GREEN,0
2026-09-01T00:40:43.482802+00:00,Guallatiri,1505-02-,0,0,GREEN,0
2026-09-01T00:40:43.482802+00:00,Isluga,1505-03-,0,0,GREEN,0
2026-09-01T00:40:43.482802+00:00,Irruputuncu,1505-04-,0,0,GREEN,0
2026-09-01T00:40:43.482802+00:00,Ollague,1505-06-,0,0,GREEN,0
2026-09-01T00:40:43.482802+00:00,San Pedro,1505-07-,0,0,GREEN,0
2026-09-01T00:40:43.482802+00:00,Lascar,1505-10-,0,0,GREEN,0
2026-09-01T00:40:43.482802+00:00,Tupungatito,1507-01-,0,0,GREEN,0
2026-09-01T00:40:43.482802+00:00,San Jose,1507-02-,0,0,GREEN,0
2026-09-01T00:40:43.482802+00:00,Tinguiririca,1507-03-,0,0,GREEN,0
2026-09-01T00:40:43.482802+00:00,Planchon-Peteroa,1507-04-,0,0,GREEN,0
2026-09-01T00:40:43.482802+00:00,Descabezado Grande,1507-05-,0,0,GREEN,0
2026-09-01T00:40:43.482802+00:00,Tatara-San Pedro,1507-062,0,0,GREEN,0
2026-09-01T00:40:43.482802+00:00,Laguna del Maule,1507-061,0,0,GREEN,0
2026-09-01T00:40:43.482802+00:00,Nevado de Longavi,1507-063,0,0,GREEN,0
2026-09-01T00:40:43.482802+00:00,Nevados de Chillan,1507-07-,0,0,GREEN,0
2026-09-01T00:40:43.482802+00:00,Antuco,1507-08-,0,0,GREEN,0
2026-09-01T00:40:43.482802+00:00,Copahue,1507-09-,0,0,GREEN,0
2026-09-01T00:40:43.482802+00:00,Callaqui,1507-091,0,0,GREEN,0
2026-09-01T00:40:43.482802+00:00,Lonquimay,1507-10-,0,0,GREEN,0
2026-09-01T00:40:43.482802+00:00,Llaima,1507-11-,0,0,GREEN,0
2026-09-01T00:40:43.482802+00:00,Sollipulli,1507-111,0,0,GREEN,0
2026-09-01T00:40:43.482802+00:00,Villarrica,1507-12-,0,0,GREEN,0
2026-09-01T00:40:43.482802+00:00,Quetrupillan,1507-121,0,0,GREEN,0
2026-09-01T00:40:43.482802+00:00,Lanin,1507-122,0,0,GREEN,0
2026-09-01T00:40:43.482802+00:00,Mocho-Choshuenco,1507-13-,0,0,GREEN,0
2026-09-01T00:40:43.482802+00:00,Carran - Los Venados,1507-14-,0,0,GREEN,0
2026-09-01T00:40:43.482802+00:00,Puyehue - Cordon Caulle,1507-15-,0,0,GREEN,0
2026-09-01T00:40:43.482802+00:00,Antillanca - Casablanca,1507-153,0,0,GREEN,0
2026-09-01T00:40:43.482802+00:00,Osorno,1508-01-,0,0,GREEN,0
2026-09-01T00:40:43.482802+00:00,Calbuco,1508-02-,0,0,GREEN,0
2026-09-01T00:40:43.482802+00:00,Yate,1508-022,0,0,GREEN,0
2026-09-01T00:40:43.482802+00:00,Hornopiren,1508-023,0,0,GREEN,0
2026-09-01T00:40:43.482802+00:00,Huequi,1508-03-,0,0,GREEN,0
2026-09-01T00:40:43.482802+00:00,Michinmahuida,1508-04-,0,0,GREEN,0
2026-09-01T00:40:43.482802+00:00,Chaiten,1508-041,0,0,GREEN,0
2026-09-01T00:40:43.482802+00:00,Corcovado,1508-05-,0,0,GREEN,0
2026-09-01T00:40:43.482802+00:00,Melimoyu,1508-052,0,0,GREEN,0
2026-09-01T00:40:43.482802+00:00,Mentolat,1508-054,0,0,GREEN,0
2026-09-01T00:40:43.482802+00:00,Cay,1508-055,0,0,GREEN,0
2026-09-01T00:40:43.482802+00:00,Maca,1508-056,0,0,GREEN,0
2026-09-01T00:40:43.482802+00:00,Hudson,1508-057,0,0,GREEN,0
2026-09-01T00:40:43.482802+00:00,Wai Sano (IDN),0604-06-,0,0,GREEN,0
2026-09-01T00:40:43.482802+00:00,Ranakah (IDN),0604-071,0,0,GREEN,0
2026-09-01T00:40:43.482802+00:00,Ambrym (VUT),0507-04-,0,0,GREEN,0
2026-09-01T00:40:43.482802+00:00,Jingbo (CHN),1005-04-,0,0,GREEN,0
2026-09-01T00:40:43.482802+00:00,Kishb Harrat (SAU),0301-071,0,0,GREEN,0
2026-09-01T00:40:43.482802+00:00,Semeru (IDN),0603-30-,0,0,GREEN,0
2026-09-01T00:40:43.482802+00:00,Kavachi (SLB),0505-06-,0,0,GREEN,0
2026-09-01T00:45:47.704555+00:00,Acatenango,1402-09-,0,382,GREEN,382
2026-09-01T00:45:47.704555+00:00,Fuego,1402-10-,0,539,GREEN,539
2026-09-01T00:45:47.704555+00:00,Agua,1402-111,77,670,YELLOW,824
2026-09-01T00:45:47.704555+00:00,Concepcion (NIC),1404-12-,0,0,GREEN,0
2026-09-01T00:45:47.704555+00:00,Maderas (NIC),1404-13-,0,0,GREEN,0
2026-09-01T00:45:47.704555+00:00,Orosi (CRI),1405-01-,0,0,GREEN,0
2026-09-01T00:45:47.704555+00:00,Rincon de la Vieja (CRI),1405-02-,0,0,GREEN,0
2026-09-01T00:45:47.704555+00:00,Taapaca,1505-011,0,0,GREEN,0
2026-09-01T00:45:47.704555+00:00,Parinacota,1505-012,0,0,GREEN,0
2026-09-01T00:45:47.704555+00:00,Guallatiri,1505-02-,0,0,GREEN,0
2026-09-01T00:45:47.704555+00:00,Isluga,1505-03-,0,0,GREEN,0
2026-09-01T00:45:47.704555+00:00,Irruputuncu,1505-04-,0,0,GREEN,0
2026-09-01T00:45:47.704555+00:00,Ollague,1505-06-,0,0,GREEN,0
2026-09-01T00:45:47.704555+00:00,San Pedro,1505-07-,0,0,GREEN,0
2026-09-01T00:45:47.704555+00:00,Lascar,1505-10-,0,0,GREEN,0
2026-09-01T00:45:47.704555+00:00,Tupungatito,1507-01-,0,0,GREEN,0
2026-09-01T00:45:47.704555+00:00,San Jose,1507-02-,0,0,GREEN,0
2026-09-01T00:45:47.704555+00:00,Tinguiririca,1507-03-,0,0,GREEN,0
2026-09-01T00:45:47.704555+00:00,Planchon-Peteroa,1507-04-,0,0,GREEN,0
2026-09-01T00:45:47.704555+00:00,Descabezado Grande,1507-05-,0,0,GREEN,0
2026-09-01T00:45:47.704555+00:00,Tatara-San Pedro,1507-062,0,0,GREEN,0
2026-09-01T00:45:47.704555+00:00,Laguna del Maule,1507-061,0,0,GREEN,0
2026-09-01T00:45:47.704555+00:00,Nevado de Longavi,1507-063,0,0,GREEN,0
2026-09-01T00:45:47.704555+00:00,Nevados de Chillan,1507-07-,0,0,GREEN,0
2026-09-01T00:45:47.704555+00:00,Antuco,1507-08-,0,0,GREEN,0
2026-09-01T00:45:47.704555+00:00,Copahue,1507-09-,0,0,GREEN,0
2026-09-01T00:45:47.704555+00:00,Callaqui,1507-091,0,0,GREEN,0
2026-09-01T00:45:47.704555+00:00,Lonquimay,1507-10-,0,0,GREEN,0
2026-09-01T00:45:47.704555+00:00,Llaima,1507-11-,0,0,GREEN,0
2026-09-01T00:45:47.704555+00:00,Sollipulli,1507-111,0,0,GREEN,0
2026-09-01T00:45:47.704555+00:00,Villarrica,1507-12-,0,0,GREEN,0
2026-09-01T00:45:47.704555+00:00,Quetrupillan,1507-121,0,0,GREEN,0
2026-09-01T00:45:47.704555+00:00,Lanin,1507-122,0,0,GREEN,0
2026-09-01T00:45:47.704555+00:00,Mocho-Choshuenco,1507-13-,0,0,GREEN,0
2026-09-01T00:45:47.704555+00:00,Carran - Los Venados,1507-14-,0,0,GREEN,0
2026-09-01T00:45:47.704555+00:00,Puyehue - Cordon Caulle,1507-15-,0,0,GREEN,0
2026-09-01T00:45:47.704555+00:00,Antillanca - Casablanca,1507-153,0,0,GREEN,0
2026-09-01T00:45:47.704555+00:00,Osorno,1508-01-,0,0,GREEN,0
2026-09-01T00:45:47.704555+00:00,Calbuco,1508-02-,0,0,GREEN,0
2026-09-01T00:45:47.704555+00:00,Yate,1508-022,0,0,GREEN,0
2026-09-01T00:45:47.704555+00:00,Hornopiren,1508-023,0,0,GREEN,0
2026-09-01T00:45:47.704555+00:00,Huequi,1508-03-,0,0,GREEN,0
2026-09-01T00:45:47.704555+00:00,Michinmahuida,1508-04-,0,0,GREEN,0
2026-09-01T00:45:47.704555+00:00,Chaiten,1508-041,0,0,GREEN,0
2026-09-01T00:45:47.704555+00:00,Corcovado,1508-05-,0,0,GREEN,0
2026-09-01T00:45:47.704555+00:00,Melimoyu,1508-052,0,0,GREEN,0
2026-09-01T00:45:47.704555+00:00,Mentolat,1508-054,0,0,GREEN,0
2026-09-01T00:45:47.704555+00:00,Cay,1508-055,0,0,GREEN,0
2026-09-01T00:45:47.704555+00:00,Maca,1508-056,0,0,GREEN,0
2026-09-01T00:45:47.704555+00:00,Hudson,1508-057,0,0,GREEN,0
2026-09-01T00:45:47.704555+00:00,Wai Sano (IDN),0604-06-,0,0,GREEN,0
2026-09-01T00:45:47.704555+00:00,Ranakah (IDN),0604-071,0,0,GREEN,0
2026-09-01T00:45:47.704555+00:00,Ambrym (VUT),0507-04-,0,0,GREEN,0
2026-09-01T00:45:47.704555+00:00,Jingbo (CHN),1005-04-,0,0,GREEN,0
2026-09-01T00:45:47.704555+00:00,Kishb Harrat (SAU),0301-071,0,0,GREEN,0
2026-09-01T00:45:47.704555+00:00,Semeru (IDN),0603-30-,0,0,GREEN,0
2026-09-01T00:45:47.704555+00:00,Kavachi (SLB),0505-06-,0,0,GREEN,0
2026-09-01T00:50:49.961827+00:00,Acatenango,1402-09-,0,454,GREEN,454
2026-09-01T00:50:49.961827+00:00,Fuego,1402-10-,0,619,GREEN,619
2026-09-01T00:50:49.961827+00:00,Agua,1402-111,82,757,YELLOW,921
2026-09-01T00:50:49.961827+00:00,Concepcion (NIC),1404-12-,0,0,GREEN,0
2026-09-01T00:50:49.961827+00:00,Maderas (NIC),1404-13-,0,0,GREEN,0
2026-09-01T00:50:49.961827+00:00,Orosi (CRI),1405-01-,0,0,GREEN,0
2026-09-01T00:50:49.961827+00:00,Rincon de la Vieja (CRI),1405-02-,0,0,GREEN,0
2026-09-01T00:50:49.961827+00:00,Taapaca,1505-011,0,0,GREEN,0
2026-09-01T00:50:49.961827+00:00,Parinacota,1505-012,0,0,GREEN,0
2026-09-01T00:50:49.961827+00:00,Guallatiri,1505-02-,0,0,GREEN,0
2026-09-01T00:50:49.961827+00:00,Isluga,1505-03-,0,0,GREEN,0
2026-09-01T00:50:49.961827+00:00,Irruputuncu,1505-04-,0,0,GREEN,0
2026-09-01T00:50:49.961827+00:00,Ollague,1505-06-,0,0,GREEN,0
2026-09-01T00:50:49.961827+00:00,San Pedro,1505-07-,0,0,GREEN,0
2026-09-01T00:50:49.961827+00:00,Lascar,1505-10-,0,0,GREEN,0
2026-09-01T00:50:49.961827+00:00,Tupungatito,1507-01-,0,0,GREEN,0
2026-09-01T00:50:49.961827+00:00,San Jose,1507-02-,0,0,GREEN,0
2026-09-01T00:50:49.961827+00:00,Tinguiririca,1507-03-,0,0,GREEN,0
2026-09-01T00:50:49.961827+00:00,Planchon-Peteroa,1507-04-,0,0,GREEN,0
2026-09-01T00:50:49.961827+00:00,Descabezado Grande,1507-05-,0,0,GREEN,0
2026-09-01T00:50:49.961827+00:00,Tatara-San Pedro,1507-062,0,0,GREEN,0
2026-09-01T00:50:49.961827+00:00,Laguna del Maule,1507-061,0,0,GREEN,0
2026-09-01T00:50:49.961827+00:00,Nevado de Longavi,1507-063,0,0,GREEN,0
2026-09-01T00:50:49.961827+00:00,Nevados de Chillan,1507-07-,0,0,GREEN,0
2026-09-01T00:50:49.961827+00:00,Antuco,1507-08-,0,0,GREEN,0
2026-09-01T00:50:49.961827+00:00,Copahue,1507-09-,0,0,GREEN,0
2026-09-01T00:50:49.961827+00:00,Callaqui,1507-091,0,0,GREEN,0
2026-09-01T00:50:49.961827+00:00,Lonquimay,1507-10-,0,0,GREEN,0
2026-09-01T00:50:49.961827+00:00,Llaima,1507-11-,0,0,GREEN,0
2026-09-01T00:50:49.961827+00:00,Sollipulli,1507-111,0,0,GREEN,0
2026-09-01T00:50:49.961827+00:00,Villarrica,1507-12-,0,0,GREEN,0
2026-09-01T00:50:49.961827+00:00,Quetrupillan,1507-121,0,0,GREEN,0
2026-09-01T00:50:49.961827+00:00,Lanin,1507-122,0,0,GREEN,0
2026-09-01T00:50:49.961827+00:00,Mocho-Choshuenco,1507-13-,0,0,GREEN,0
2026-09-01T00:50:49.961827+00:00,Carran - Los Venados,1507-14-,0,0,GREEN,0
2026-09-01T00:50:49.961827+00:00,Puyehue - Cordon Caulle,1507-15-,0,0,GREEN,0
2026-09-01T00:50:49.961827+00:00,Antillanca - Casablanca,1507-153,0,0,GREEN,0
2026-09-01T00:50:49.961827+00:00,Osorno,1508-01-,0,0,GREEN,0
2026-09-01T00:50:49.961827+00:00,Calbuco,1508-02-,0,0,GREEN,0
2026-09-01T00:50:49.961827+00:00,Yate,1508-022,0,0,GREEN,0
2026-09-01T00:50:49.961827+00:00,Hornopiren,1508-023,0,0,GREEN,0
2026-09-01T00:50:49.961827+00:00,Huequi,1508-03-,0,0,GREEN,0
2026-09-01T00:50:49.961827+00:00,Michinmahuida,1508-04-,0,0,GREEN,0
2026-09-01T00:50:49.961827+00:00,Chaiten,1508-041,0,0,GREEN,0
2026-09-01T00:50:49.961827+00:00,Corcovado,1508-05-,0,0,GREEN,0
2026-09-01T00:50:49.961827+00:00,Melimoyu,1508-052,0,0,GREEN,0
2026-09-01T00:50:49.961827+00:00,Mentolat,1508-054,0,0,GREEN,0
2026-09-01T00:50:49.961827+00:00,Cay,1508-055,0,0,GREEN,0
2026-09-01T00:50:49.961827+00:00,Maca,1508-056,0,0,GREEN,0
2026-09-01T00:50:49.961827+00:00,Hudson,1508-057,0,0,GREEN,0
2026-09-01T00:50:49.961827+00:00,Wai Sano (IDN),0604-06-,0,0,GREEN,0
2026-09-01T00:50:49.961827+00:00,Ranakah (IDN),0604-071,0,0,GREEN,0
2026-09-01T00:50:49.961827+00:00,Ambrym (VUT),0507-04-,0,0,GREEN,0
2026-09-01T00:50:49.961827+00:00,Jingbo (CHN),1005-04-,0,0,GREEN,0
2026-09-01T00:50:49.961827+00:00,Kishb Harrat (SAU),0301-071,0,0,GREEN,0
2026-09-01T00:50:49.961827+00:00,Semeru (IDN),0603-30-,0,0,GREEN,0
2026-09-01T00:50:49.961827+00:00,Kavachi (SLB),0505-06-,0,0,GREEN,0
2026-09-01T00:55:51.304781+00:00,Acatenango,1402-09-,0,528,GREEN,528
2026-09-01T00:55:51.304781+00:00,Fuego,1402-10-,0,703,GREEN,703
2026-09-01T00:55:51.304781+00:00,Agua,1402-111,82,843,YELLOW,1007
2026-09-01T00:55:51.304781+00:00,Concepcion (NIC),1404-12-,0,0,GREEN,0
2026-09-01T00:55:51.304781+00:00,Maderas (NIC),1404-13-,0,0,GREEN,0
2026-09-01T00:55:51.304781+00:00,Orosi (CRI),1405-01-,0,0,GREEN,0
2026-09-01T00:55:51.304781+00:00,Rincon de la Vieja (CRI),1405-02-,0,0,GREEN,0
2026-09-01T00:55:51.304781+00:00,Taapaca,1505-011,0,0,GREEN,0
2026-09-01T00:55:51.304781+00:00,Parinacota,1505-012,0,0,GREEN,0
2026-09-01T00:55:51.304781+00:00,Guallatiri,1505-02-,0,0,GREEN,0
2026-09-01T00:55:51.304781+00:00,Isluga,1505-03-,0,0,GREEN,0
2026-09-01T00:55:51.304781+00:00,Irruputuncu,1505-04-,0,0,GREEN,0
2026-09-01T00:55:51.304781+00:00,Ollague,1505-06-,0,0,GREEN,0
2026-09-01T00:55:51.304781+00:00,San Pedro,1505-07-,0,0,GREEN,0
2026-09-01T00:55:51.304781+00:00,Lascar,1505-10-,0,0,GREEN,0
2026-09-01T00:55:51.304781+00:00,Tupungatito,1507-01-,0,0,GREEN,0
2026-09-01T00:55:51.304781+00:00,San Jose,1507-02-,0,0,GREEN,0
2026-09-01T00:55:51.304781+00:00,Tinguiririca,1507-03-,0,0,GREEN,0
2026-09-01T00:55:51.304781+00:00,Planchon-Peteroa,1507-04-,0,0,GREEN,0
2026-09-01T00:55:51.304781+00:00,Descabezado Grande,1507-05-,0,0,GREEN,0
2026-09-01T00:55:51.304781+00:00,Tatara-San Pedro,1507-062,0,0,GREEN,0
2026-09-01T00:55:51.304781+00:00,Laguna del Maule,1507-061,0,0,GREEN,0
2026-09-01T00:55:51.304781+00:00,Nevado de Longavi,1507-063,0,0,GREEN,0
2026-09-01T00:55:51.304781+00:00,Nevados de Chillan,1507-07-,0,0,GREEN,0
2026-09-01T00:55:51.304781+00:00,Antuco,1507-08-,0,0,GREEN,0
2026-09-01T00:55:51.304781+00:00,Copahue,1507-09-,0,0,GREEN,0
2026-09-01T00:55:51.304781+00:00,Callaqui,1507-091,0,0,GREEN,0
2026-09-01T00:55:51.304781+00:00,Lonquimay,1507-10-,0,0,GREEN,0
2026-09-01T00:55:51.304781+00:00,Llaima,1507-11-,0,0,GREEN,0
2026-09-01T00:55:51.304781+00:00,Sollipulli,1507-111,0,0,GREEN,0
2026-09-01T00:55:51.304781+00:00,Villarrica,1507-12-,0,0,GREEN,0
2026-09-01T00:55:51.304781+00:00,Quetrupillan,1507-121,0,0,GREEN,0
2026-09-01T00:55:51.304781+00:00,Lanin,1507-122,0,0,GREEN,0
2026-09-01T00:55:51.304781+00:00,Mocho-Choshuenco,1507-13-,0,0,GREEN,0
2026-09-01T00:55:51.304781+00:00,Carran - Los Venados,1507-14-,0,0,GREEN,0
2026-09-01T00:55:51.304781+00:00,Puyehue - Cordon Caulle,1507-15-,0,0,GREEN,0
2026-09-01T00:55:51.304781+00:00,Antillanca - Casablanca,1507-153,0,0,GREEN,0
2026-09-01T00:55:51.304781+00:00,Osorno,1508-01-,0,0,GREEN,0
2026-09-01T00:55:51.304781+00:00,Calbuco,1508-02-,0,0,GREEN,0
2026-09-01T00:55:51.304781+00:00,Yate,1508-022,0,0,GREEN,0
2026-09-01T00:55:51.304781+00:00,Hornopiren,1508-023,0,0,GREEN,0
2026-09-01T00:55:51.304781+00:00,Huequi,1508-03-,0,0,GREEN,0
2026-09-01T00:55:51.304781+00:00,Michinmahuida,1508-04-,0,0,GREEN,0
2026-09-01T00:55:51.304781+00:00,Chaiten,1508-041,0,0,GREEN,0
2026-09-01T00:55:51.304781+00:00,Corcovado,1508-05-,0,0,GREEN,0
2026-09-01T00:55:51.304781+00:00,Melimoyu,1508-052,0,0,GREEN,0
2026-09-01T00:55:51.304781+00:00,Mentolat,1508-054,0,0,GREEN,0
2026-09-01T00:55:51.304781+00:00,Cay,1508-055,0,0,GREEN,0
2026-09-01T00:55:51.304781+00:00,Maca,1508-056,0,0,GREEN,0
2026-09-01T00:55:51.304781+00:00,Hudson,1508-057,0,0,GREEN,0
2026-09-01T00:55:51.304781+00:00,Wai Sano (IDN),0604-06-,0,0,GREEN,0
2026-09-01T00:55:51.304781+00:00,Ranakah (IDN),0604-071,0,0,GREEN,0
2026-09-01T00:55:51.304781+00:00,Ambrym (VUT),0507-04-,0,0,GREEN,0
2026-09-01T00:55:51.304781+00:00,Jingbo (CHN),1005-04-,0,0,GREEN,0
2026-09-01T00:55:51.304781+00:00,Kishb Harrat (SAU),0301-071,0,0,GREEN,0
2026-09-01T00:55:51.304781+00:00,Semeru (IDN),0603-30-,0,0,GREEN,0
2026-09-01T00:55:51.304781+00:00,Kavachi (SLB),0505-06-,0,0,GREEN,0
2026-09-01T01:00:53.727084+00:00,Acatenango,1402-09-,0,608,GREEN,608
2026-09-01T01:00:53.727084+00:00,Fuego,1402-10-,0,783,GREEN,783
2026-09-01T01:00:53.727084+00:00,Agua,1402-111,86,918,YELLOW,1090
2026-09-01T01:00:53.727084+00:00,Concepcion (NIC),1404-12-,0,0,GREEN,0
2026-09-01T01:00:53.727084+00:00,Maderas (NIC),1404-13-,0,0,GREEN,0
2026-09-01T01:00:53.727084+00:00,Orosi (CRI),1405-01-,0,0,GREEN,0
2026-09-01T01:00:53.727084+00:00,Rincon de la Vieja (CRI),1405-02-,0,0,GREEN,0
2026-09-01T01:00:53.727084+00:00,Taapaca,1505-011,0,0,GREEN,0
2026-09-01T01:00:53.727084+00:00,Parinacota,1505-012,0,0,GREEN,0
2026-09-01T01:00:53.727084+00:00,Guallatiri,1505-02-,0,0,GREEN,0
2026-09-01T01:00:53.727084+00:00,Isluga,1505-03-,0,0,GREEN,0
2026-09-01T01:00:53.727084+00:00,Irruputuncu,1505-04-,0,0,GREEN,0
2026-09-01T01:00:53.727084+00:00,Ollague,1505-06-,0,0,GREEN,0
2026-09-01T01:00:53.727084+00:00,San Pedro,1505-07-,0,0,GREEN,0
2026-09-01T01:00:53.727084+00:00,Lascar,1505-10-,0,0,GREEN,0
2026-09-01T01:00:53.727084+00:00,Tupungatito,1507-01-,0,0,GREEN,0
2026-09-01T01:00:53.727084+00:00,San Jose,1507-02-,0,0,GREEN,0
2026-09-01T01:00:53.727084+00:00,Tinguiririca,1507-03-,0,0,GREEN,0
2026-09-01T01:00:53.727084+00:00,Planchon-Peteroa,1507-04-,0,0,GREEN,0
2026-09-01T01:00:53.727084+00:00,Descabezado Grande,1507-05-,0,0,GREEN,0
2026-09-01T01:00:53.727084+00:00,Tatara-San Pedro,1507-062,0,0,GREEN,0
2026-09-01T01:00:53.727084+00:00,Laguna del Maule,1507-061,0,0,GREEN,0
2026-09-01T01:00:53.727084+00:00,Nevado de Longavi,1507-063,0,0,GREEN,0
2026-09-01T01:00:53.727084+00:00,Nevados de Chillan,1507-07-,0,0,GREEN,0
2026-09-01T01:00:53.727084+00:00,Antuco,1507-08-,0,0,GREEN,0
2026-09-01T01:00:53.727084+00:00,Copahue,1507-09-,0,0,GREEN,0
2026-09-01T01:00:53.727084+00:00,Callaqui,1507-091,0,0,GREEN,0
2026-09-01T01:00:53.727084+00:00,Lonquimay,1507-10-,0,0,GREEN,0
2026-09-01T01:00:53.727084+00:00,Llaima,1507-11-,0,0,GREEN,0
2026-09-01T01:00:53.727084+00:00,Sollipulli,1507-111,0,0,GREEN,0
2026-09-01T01:00:53.727084+00:00,Villarrica,1507-12-,0,0,GREEN,0
2026-09-01T01:00:53.727084+00:00,Quetrupillan,1507-121,0,0,GREEN,0
2026-09-01T01:00:53.727084+00:00,Lanin,1507-122,0,0,GREEN,0
2026-09-01T01:00:53.727084+00:00,Mocho-Choshuenco,1507-13-,0,0,GREEN,0
2026-09-01T01:00:53.727084+00:00,Carran - Los Venados,1507-14-,0,0,GREEN,0
2026-09-01T01:00:53.727084+00:00,Puyehue - Cordon Caulle,1507-15-,0,0,GREEN,0
2026-09-01T01:00:53.727084+00:00,Antillanca - Casablanca,1507-153,0,0,GREEN,0
2026-09-01T01:00:53.727084+00:00,Osorno,1508-01-,0,0,GREEN,0
2026-09-01T01:00:53.727084+00:00,Calbuco,1508-02-,0,0,GREEN,0
2026-09-01T01:00:53.727084+00:00,Yate,1508-022,0,0,GREEN,0
2026-09-01T01:00:53.727084+00:00,Hornopiren,1508-023,0,0,GREEN,0
2026-09-01T01:00:53.727084+00:00,Huequi,1508-03-,0,0,GREEN,0
2026-09-01T01:00:53.727084+00:00,Michinmahuida,1508-04-,0,0,GREEN,0
2026-09-01T01:00:53.727084+00:00,Chaiten,1508-041,0,0,GREEN,0
2026-09-01T01:00:53.727084+00:00,Corcovado,1508-05-,0,0,GREEN,0
2026-09-01T01:00:53.727084+00:00,Melimoyu,1508-052,0,0,GREEN,0
2026-09-01T01:00:53.727084+00:00,Mentolat,1508-054,0,0,GREEN,0
2026-09-01T01:00:53.727084+00:00,Cay,1508-055,0,0,GREEN,0
2026-09-01T01:00:53.727084+00:00,Maca,1508-056,0,0,GREEN,0
2026-09-01T01:00:53.727084+00:00,Hudson,1508-057,0,0,GREEN,0
2026-09-01T01:00:53.727084+00:00,Wai Sano (IDN),0604-06-,0,0,GREEN,0
2026-09-01T01:00:53.727084+00:00,Ranakah (IDN),0604-071,0,0,GREEN,0
2026-09-01T01:00:53.727084+00:00,Ambrym (VUT),0507-04-,0,0,GREEN,0
2026-09-01T01:00:53.727084+00:00,Jingbo (CHN),1005-04-,0,0,GREEN,0
2026-09-01T01:00:53.727084+00:00,Kishb Harrat (SAU),0301-071,0,0,GREEN,0
2026-09-01T01:00:53.727084+00:00,Semeru (IDN),0603-30-,0,0,GREEN,0
2026-09-01T01:00:53.727084+00:00,Kavachi (SLB),0505-06-,0,0,GREEN,0
2026-09-01T01:05:46.615498+00:00,Acatenango,1402-09-,0,686,GREEN,686
2026-09-01T01:05:46.615498+00:00,Fuego,1402-10-,0,859,GREEN,859
2026-09-01T01:05:46.615498+00:00,Agua,1402-111,86,961,YELLOW,1133
2026-09-01T01:05:46.615498+00:00,Concepcion (NIC),1404-12-,0,0,GREEN,0
2026-09-01T01:05:46.615498+00:00,Maderas (NIC),1404-13-,0,0,GREEN,0
2026-09-01T01:05:46.615498+00:00,Orosi (CRI),1405-01-,0,0,GREEN,0
2026-09-01T01:05:46.615498+00:00,Rincon de la Vieja (CRI),1405-02-,0,0,GREEN,0
2026-09-01T01:05:46.615498+00:00,Taapaca,1505-011,0,0,GREEN,0
2026-09-01T01:05:46.615498+00:00,Parinacota,1505-012,0,0,GREEN,0
2026-09-01T01:05:46.615498+00:00,Guallatiri,1505-02-,0,0,GREEN,0
2026-09-01T01:05:46.615498+00:00,Isluga,1505-03-,0,0,GREEN,0
2026-09-01T01:05:46.615498+00:00,Irruputuncu,1505-04-,0,0,GREEN,0
2026-09-01T01:05:46.615498+00:00,Ollague,1505-06-,0,0,GREEN,0
2026-09-01T01:05:46.615498+00:00,San Pedro,1505-07-,0,0,GREEN,0
2026-09-01T01:05:46.615498+00:00,Lascar,1505-10-,0,0,GREEN,0
2026-09-01T01:05:46.615498+00:00,Tupungatito,1507-01-,0,0,GREEN,0
2026-09-01T01:05:46.615498+00:00,San Jose,1507-02-,0,0,GREEN,0
2026-09-01T01:05:46.615498+00:00,Tinguiririca,1507-03-,0,0,GREEN,0
2026-09-01T01:05:46.615498+00:00,Planchon-Peteroa,1507-04-,0,0,GREEN,0
2026-09-01T01:05:46.615498+00:00,Descabezado Grande,1507-05-,0,0,GREEN,0
2026-09-01T01:05:46.615498+00:00,Tatara-San Pedro,1507-062,0,0,GREEN,0
2026-09-01T01:05:46.615498+00:00,Laguna del Maule,1507-061,0,0,GREEN,0
2026-09-01T01:05:46.615498+00:00,Nevado de Longavi,1507-063,0,0,GREEN,0
2026-09-01T01:05:46.615498+00:00,Nevados de Chillan,1507-07-,0,0,GREEN,0
2026-09-01T01:05:46.615498+00:00,Antuco,1507-08-,0,0,GREEN,0
2026-09-01T01:05:46.615498+00:00,Copahue,1507-09-,0,0,GREEN,0
2026-09-01T01:05:46.615498+00:00,Callaqui,1507-091,0,0,GREEN,0
2026-09-01T01:05:46.615498+00:00,Lonquimay,1507-10-,0,0,GREEN,0
2026-09-01T01:05:46.615498+00:00,Llaima,1507-11-,0,0,GREEN,0
2026-09-01T01:05:46.615498+00:00,Sollipulli,1507-111,0,0,GREEN,0
2026-09-01T01:05:46.615498+00:00,Villarrica,1507-12-,0,0,GREEN,0
2026-09-01T01:05:46.615498+00:00,Quetrupillan,1507-121,0,0,GREEN,0
2026-09-01T01:05:46.615498+00:00,Lanin,1507-122,0,0,GREEN,0
2026-09-01T01:05:46.615498+00:00,Mocho-Choshuenco,1507-13-,0,0,GREEN,0
2026-09-01T01:05:46.615498+00:00,Carran - Los Venados,1507-14-,0,0,GREEN,0
2026-09-01T01:05:46.615498+00:00,Puyehue - Cordon Caulle,1507-15-,0,0,GREEN,0
2026-09-01T01:05:46.615498+00:00,Antillanca - Casablanca,1507-153,0,0,GREEN,0
2026-09-01T01:05:46.615498+00:00,Osorno,1508-01-,0,0,GREEN,0
2026-09-01T01:05:46.615498+00:00,Calbuco,1508-02-,0,0,GREEN,0
2026-09-01T01:05:46.615498+00:00,Yate,1508-022,0,0,GREEN,0
2026-09-01T01:05:46.615498+00:00,Hornopiren,1508-023,0,0,GREEN,0
2026-09-01T01:05:46.615498+00:00,Huequi,1508-03-,0,0,GREEN,0
2026-09-01T01:05:46.615498+00:00,Michinmahuida,1508-04-,0,0,GREEN,0
2026-09-01T01:05:46.615498+00:00,Chaiten,1508-041,0,0,GREEN,0
2026-09-01T01:05:46.615498+00:00,Corcovado,1508-05-,0,0,GREEN,0
2026-09-01T01:05:46.615498+00:00,Melimoyu,1508-052,0,0,GREEN,0
2026-09-01T01:05:46.615498+00:00,Mentolat,1508-054,0,0,GREEN,0
2026-09-01T01:05:46.615498+00:00,Cay,1508-055,0,0,GREEN,0
2026-09-01T01:05:46.615498+00:00,Maca,1508-056,0,0,GREEN,0
2026-09-01T01:05:46.615498+00:00,Hudson,1508-057,0,0,GREEN,0
2026-09-01T01:05:46.615498+00:00,Wai Sano (IDN),0604-06-,0,0,GREEN,0
2026-09-01T01:05:46.615498+00:00,Ranakah (IDN),0604-071,0,0,GREEN,0
2026-09-01T01:05:46.615498+00:00,Ambrym (VUT),0507-04-,0,0,GREEN,0
2026-09-01T01:05:46.615498+00:00,Jingbo (CHN),1005-04-,0,0,GREEN,0
2026-09-01T01:05:46.615498+00:00,Kishb Harrat (SAU),0301-071,0,0,GREEN,0
2026-09-01T01:05:46.615498+00:00,Semeru (IDN),0603-30-,0,0,GREEN,0
2026-09-01T01:05:46.615498+00:00,Kavachi (SLB),0505-06-,0,0,GREEN,0
2026-09-01T01:10:51.237275+00:00,Acatenango,1402-09-,0,783,GREEN,783
2026-09-01T01:10:51.237275+00:00,Fuego,1402-10-,0,956,GREEN,956
2026-09-01T01:10:51.237275+00:00,Agua,1402-111,87,1032,YELLOW,1206
2026-09-01T01:10:51.237275+00:00,Concepcion (NIC),1404-12-,0,0,GREEN,0
2026-09-01T01:10:51.237275+00:00,Maderas (NIC),1404-13-,0,0,GREEN,0
2026-09-01T01:10:51.237275+00:00,Orosi (CRI),1405-01-,0,0,GREEN,0
2026-09-01T01:10:51.237275+00:00,Rincon de la Vieja (CRI),1405-02-,0,0,GREEN,0
2026-09-01T01:10:51.237275+00:00,Taapaca,1505-011,0,0,GREEN,0
2026-09-01T01:10:51.237275+00:00,Parinacota,1505-012,0,0,GREEN,0
2026-09-01T01:10:51.237275+00:00,Guallatiri,1505-02-,0,0,GREEN,0
2026-09-01T01:10:51.237275+00:00,Isluga,1505-03-,0,0,GREEN,0
2026-09-01T01:10:51.237275+00:00,Irruputuncu,1505-04-,0,0,GREEN,0
2026-09-01T01:10:51.237275+00:00,Ollague,1505-06-,0,0,GREEN,0
2026-09-01T01:10:51.237275+00:00,San Pedro,1505-07-,0,0,GREEN,0
2026-09-01T01:10:51.237275+00:00,Lascar,1505-10-,0,0,GREEN,0
2026-09-01T01:10:51.237275+00:00,Tupungatito,1507-01-,0,0,GREEN,0
2026-09-01T01:10:51.237275+00:00,San Jose,1507-02-,0,0,GREEN,0
2026-09-01T01:10:51.237275+00:00,Tinguiririca,1507-03-,0,0,GREEN,0
2026-09-01T01:10:51.237275+00:00,Planchon-Peteroa,1507-04-,0,0,GREEN,0
2026-09-01T01:10:51.237275+00:00,Descabezado Grande,1507-05-,0,0,GREEN,0
2026-09-01T01:10:51.237275+00:00,Tatara-San Pedro,1507-062,0,0,GREEN,0
2026-09-01T01:10:51.237275+00:00,Laguna del Maule,1507-061,0,0,GREEN,0
2026-09-01T01:10:51.237275+00:00,Nevado de Longavi,1507-063,0,0,GREEN,0
2026-09-01T01:10:51.237275+00:00,Nevados de Chillan,1507-07-,0,0,GREEN,0
2026-09-01T01:10:51.237275+00:00,Antuco,1507-08-,0,0,GREEN,0
2026-09-01T01:10:51.237275+00:00,Copahue,1507-09-,0,0,GREEN,0
2026-09-01T01:10:51.237275+00:00,Callaqui,1507-091,0,0,GREEN,0
2026-09-01T01:10:51.237275+00:00,Lonquimay,1507-10-,0,0,GREEN,0
2026-09-01T01:10:51.237275+00:00,Llaima,1507-11-,0,0,GREEN,0
2026-09-01T01:10:51.237275+00:00,Sollipulli,1507-111,0,0,GREEN,0
2026-09-01T01:10:51.237275+00:00,Villarrica,1507-12-,0,0,GREEN,0
2026-09-01T01:10:51.237275+00:00,Quetrupillan,1507-121,0,0,GREEN,0
2026-09-01T01:10:51.237275+00:00,Lanin,1507-122,0,0,GREEN,0
2026-09-01T01:10:51.237275+00:00,Mocho-Choshuenco,1507-13-,0,0,GREEN,0
2026-09-01T01:10:51.237275+00:00,Carran - Los Venados,1507-14-,0,0,GREEN,0
2026-09-01T01:10:51.237275+00:00,Puyehue - Cordon Caulle,1507-15-,0,0,GREEN,0
2026-09-01T01:10:51.237275+00:00,Antillanca - Casablanca,1507-153,0,0,GREEN,0
2026-09-01T01:10:51.237275+00:00,Osorno,1508-01-,0,0,GREEN,0
2026-09-01T01:10:51.237275+00:00,Calbuco,1508-02-,0,0,GREEN,0
2026-09-01T01:10:51.237275+00:00,Yate,1508-022,0,0,GREEN,0
2026-09-01T01:10:51.237275+00:00,Hornopiren,1508-023,0,0,GREEN,0
2026-09-01T01:10:51.237275+00:00,Huequi,1508-03-,0,0,GREEN,0
2026-09-01T01:10:51.237275+00:00,Michinmahuida,1508-04-,0,0,GREEN,0
2026-09-01T01:10:51.237275+00:00,Chaiten,1508-041,0,0,GREEN,0
2026-09-01T01:10:51.237275+00:00,Corcovado,1508-05-,0,0,GREEN,0
2026-09-01T01:10:51.237275+00:00,Melimoyu,1508-052,0,0,GREEN,0
2026-09-01T01:10:51.237275+00:00,Mentolat,1508-054,0,0,GREEN,0
2026-09-01T01:10:51.237275+00:00,Cay,1508-055,0,0,GREEN,0
2026-09-01T01:10:51.237275+00:00,Maca,1508-056,0,0,GREEN,0
2026-09-01T01:10:51.237275+00:00,Hudson,1508-057,0,0,GREEN,0
2026-09-01T01:10:51.237275+00:00,Wai Sano (IDN),0604-06-,0,0,GREEN,0
2026-09-01T01:10:51.237275+00:00,Ranakah (IDN),0604-071,0,0,GREEN,0
2026-09-01T01:10:51.237275+00:00,Ambrym (VUT),0507-04-,0,0,GREEN,0
2026-09-01T01:10:51.237275+00:00,Jingbo (CHN),1005-04-,0,0,GREEN,0
2026-09-01T01:10:51.237275+00:00,Kishb Harrat (SAU),0301-071,0,0,GREEN,0
2026-09-01T01:10:51.237275+00:00,Semeru (IDN),0603-30-,0,0,GREEN,0
2026-09-01T01:10:51.237275+00:00,Kavachi (SLB),0505-06-,0,0,GREEN,0
2026-09-01T01:15:48.097924+00:00,Acatenango,1402-09-,0,854,GREEN,854
2026-09-01T01:15:48.097924+00:00,Fuego,1402-10-,0,1023,GREEN,1023
2026-09-01T01:15:48.097924+00:00,Agua,1402-111,88,1084,YELLOW,1260
2026-09-01T01:15:48.097924+00:00,Concepcion (NIC),1404-12-,0,0,GREEN,0
2026-09-01T01:15:48.097924+00:00,Maderas (NIC),1404-13-,0,0,GREEN,0
2026-09-01T01:15:48.097924+00:00,Orosi (CRI),1405-01-,0,0,GREEN,0
2026-09-01T01:15:48.097924+00:00,Rincon de la Vieja (CRI),1405-02-,0,0,GREEN,0
2026-09-01T01:15:48.097924+00:00,Taapaca,1505-011,0,0,GREEN,0
2026-09-01T01:15:48.097924+00:00,Parinacota,1505-012,0,0,GREEN,0
2026-09-01T01:15:48.097924+00:00,Guallatiri,1505-02-,0,0,GREEN,0
2026-09-01T01:15:48.097924+00:00,Isluga,1505-03-,0,0,GREEN,0
2026-09-01T01:15:48.097924+00:00,Irruputuncu,1505-04-,0,0,GREEN,0
2026-09-01T01:15:48.097924+00:00,Ollague,1505-06-,0,0,GREEN,0
2026-09-01T01:15:48.097924+00:00,San Pedro,1505-07-,0,0,GREEN,0
2026-09-01T01:15:48.097924+00:00,Lascar,1505-10-,0,0,GREEN,0
2026-09-01T01:15:48.097924+00:00,Tupungatito,1507-01-,0,0,GREEN,0
2026-09-01T01:15:48.097924+00:00,San Jose,1507-02-,0,0,GREEN,0
2026-09-01T01:15:48.097924+00:00,Tinguiririca,1507-03-,0,0,GREEN,0
2026-09-01T01:15:48.097924+00:00,Planchon-Peteroa,1507-04-,0,0,GREEN,0
2026-09-01T01:15:48.097924+00:00,Descabezado Grande,1507-05-,0,0,GREEN,0
2026-09-01T01:15:48.097924+00:00,Tatara-San Pedro,1507-062,0,0,GREEN,0
2026-09-01T01:15:48.097924+00:00,Laguna del Maule,1507-061,0,0,GREEN,0
2026-09-01T01:15:48.097924+00:00,Nevado de Longavi,1507-063,0,0,GREEN,0
2026-09-01T01:15:48.097924+00:00,Nevados de Chillan,1507-07-,0,0,GREEN,0
2026-09-01T01:15:48.097924+00:00,Antuco,1507-08-,0,0,GREEN,0
2026-09-01T01:15:48.097924+00:00,Copahue,1507-09-,0,0,GREEN,0
2026-09-01T01:15:48.097924+00:00,Callaqui,1507-091,0,0,GREEN,0
2026-09-01T01:15:48.097924+00:00,Lonquimay,1507-10-,0,0,GREEN,0
2026-09-01T01:15:48.097924+00:00,Llaima,1507-11-,0,0,GREEN,0
2026-09-01T01:15:48.097924+00:00,Sollipulli,1507-111,0,0,GREEN,0
2026-09-01T01:15:48.097924+00:00,Villarrica,1507-12-,0,0,GREEN,0
2026-09-01T01:15:48.097924+00:00,Quetrupillan,1507-121,0,0,GREEN,0
2026-09-01T01:15:48.097924+00:00,Lanin,1507-122,0,0,GREEN,0
2026-09-01T01:15:48.097924+00:00,Mocho-Choshuenco,1507-13-,0,0,GREEN,0
2026-09-01T01:15:48.097924+00:00,Carran - Los Venados,1507-14-,0,0,GREEN,0
2026-09-01T01:15:48.097924+00:00,Puyehue - Cordon Caulle,1507-15-,0,0,GREEN,0
2026-09-01T01:15:48.097924+00:00,Antillanca - Casablanca,1507-153,0,0,GREEN,0
2026-09-01T01:15:48.097924+00:00,Osorno,1508-01-,0,0,GREEN,0
2026-09-01T01:15:48.097924+00:00,Calbuco,1508-02-,0,0,GREEN,0
2026-09-01T01:15:48.097924+00:00,Yate,1508-022,0,0,GREEN,0
2026-09-01T01:15:48.097924+00:00,Hornopiren,1508-023,0,0,GREEN,0
2026-09-01T01:15:48.097924+00:00,Huequi,1508-03-,0,0,GREEN,0
2026-09-01T01:15:48.097924+00:00,Michinmahuida,1508-04-,0,0,GREEN,0
2026-09-01T01:15:48.097924+00:00,Chaiten,1508-041,0,0,GREEN,0
2026-09-01T01:15:48.097924+00:00,Corcovado,1508-05-,0,0,GREEN,0
2026-09-01T01:15:48.097924+00:00,Melimoyu,1508-052,0,0,GREEN,0
2026-09-01T01:15:48.097924+00:00,Mentolat,1508-054,0,0,GREEN,0
2026-09-01T01:15:48.097924+00:00,Cay,1508-055,0,0,GREEN,0
2026-09-01T01:15:48.097924+00:00,Maca,1508-056,0,0,GREEN,0
2026-09-01T01:15:48.097924+00:00,Hudson,1508-057,0,0,GREEN,0
2026-09-01T01:15:48.097924+00:00,Wai Sano (IDN),0604-06-,0,0,GREEN,0
2026-09-01T01:15:48.097924+00:00,Ranakah (IDN),0604-071,0,0,GREEN,0
2026-09-01T01:15:48.097924+00:00,Ambrym (VUT),0507-04-,0,0,GREEN,0
2026-09-01T01:15:48.097924+00:00,Jingbo (CHN),1005-04-,0,0,GREEN,0
2026-09-01T01:15:48.097924+00:00,Kishb Harrat (SAU),0301-071,0,0,GREEN,0
2026-09-01T01:15:48.097924+00:00,Semeru (IDN),0603-30-,0,0,GREEN,0
2026-09-01T01:15:48.097924+00:00,Kavachi (SLB),0505-06-,0,0,GREEN,0
2026-09-01T01:20:47.224464+00:00,Acatenango,1402-09-,0,924,GREEN,924
2026-09-01T01:20:47.224464+00:00,Fuego,1402-10-,0,1070,GREEN,1070
2026-09-01T01:20:47.224464+00:00,Agua,1402-111,78,1144,YELLOW,1300
2026-09-01T01:20:47.224464+00:00,Concepcion (NIC),1404-12-,0,0,GREEN,0
2026-09-01T01:20:47.224464+00:00,Maderas (NIC),1404-13-,0,0,GREEN,0
2026-09-01T01:20:47.224464+00:00,Orosi (CRI),1405-01-,0,0,GREEN,0
2026-09-01T01:20:47.224464+00:00,Rincon de la Vieja (CRI),1405-02-,0,0,GREEN,0
2026-09-01T01:20:47.224464+00:00,Taapaca,1505-011,0,0,GREEN,0
2026-09-01T01:20:47.224464+00:00,Parinacota,1505-012,0,0,GREEN,0
2026-09-01T01:20:47.224464+00:00,Guallatiri,1505-02-,0,0,GREEN,0
2026-09-01T01:20:47.224464+00:00,Isluga,1505-03-,0,0,GREEN,0
2026-09-01T01:20:47.224464+00:00,Irruputuncu,1505-04-,0,0,GREEN,0
2026-09-01T01:20:47.224464+00:00,Ollague,1505-06-,0,0,GREEN,0
2026-09-01T01:20:47.224464+00:00,San Pedro,1505-07-,0,0,GREEN,0
2026-09-01T01:20:47.224464+00:00,Lascar,1505-10-,0,0,GREEN,0
2026-09-01T01:20:47.224464+00:00,Tupungatito,1507-01-,0,0,GREEN,0
2026-09-01T01:20:47.224464+00:00,San Jose,1507-02-,0,0,GREEN,0
2026-09-01T01:20:47.224464+00:00,Tinguiririca,1507-03-,0,0,GREEN,0
2026-09-01T01:20:47.224464+00:00,Planchon-Peteroa,1507-04-,0,0,GREEN,0
2026-09-01T01:20:47.224464+00:00,Descabezado Grande,1507-05-,0,0,GREEN,0
2026-09-01T01:20:47.224464+00:00,Tatara-San Pedro,1507-062,0,0,GREEN,0
2026-09-01T01:20:47.224464+00:00,Laguna del Maule,1507-061,0,0,GREEN,0
2026-09-01T01:20:47.224464+00:00,Nevado de Longavi,1507-063,0,0,GREEN,0
2026-09-01T01:20:47.224464+00:00,Nevados de Chillan,1507-07-,0,0,GREEN,0
2026-09-01T01:20:47.224464+00:00,Antuco,1507-08-,0,0,GREEN,0
2026-09-01T01:20:47.224464+00:00,Copahue,1507-09-,0,0,GREEN,0
2026-09-01T01:20:47.224464+00:00,Callaqui,1507-091,0,0,GREEN,0
2026-09-01T01:20:47.224464+00:00,Lonquimay,1507-10-,0,0,GREEN,0
2026-09-01T01:20:47.224464+00:00,Llaima,1507-11-,0,0,GREEN,0
2026-09-01T01:20:47.224464+00:00,Sollipulli,1507-111,0,0,GREEN,0
2026-09-01T01:20:47.224464+00:00,Villarrica,1507-12-,0,0,GREEN,0
2026-09-01T01:20:47.224464+00:00,Quetrupillan,1507-121,0,0,GREEN,0
2026-09-01T01:20:47.224464+00:00,Lanin,1507-122,0,0,GREEN,0
2026-09-01T01:20:47.224464+00:00,Mocho-Choshuenco,1507-13-,0,0,GREEN,0
2026-09-01T01:20:47.224464+00:00,Carran - Los Venados,1507-14-,0,0,GREEN,0
2026-09-01T01:20:47.224464+00:00,Puyehue - Cordon Caulle,1507-15-,0,0,GREEN,0
2026-09-01T01:20:47.224464+00:00,Antillanca - Casablanca,1507-153,0,0,GREEN,0
2026-09-01T01:20:47.224464+00:00,Osorno,1508-01-,0,0,GREEN,0
2026-09-01T01:20:47.224464+00:00,Calbuco,1508-02-,0,0,GREEN,0
2026-09-01T01:20:47.224464+00:00,Yate,1508-022,0,0,GREEN,0
2026-09-01T01:20:47.224464+00:00,Hornopiren,1508-023,0,0,GREEN,0
2026-09-01T01:20:47.224464+00:00,Huequi,1508-03-,0,0,GREEN,0
2026-09-01T01:20:47.224464+00:00,Michinmahuida,1508-04-,0,0,GREEN,0
2026-09-01T01:20:47.224464+00:00,Chaiten,1508-041,0,0,GREEN,0
2026-09-01T01:20:47.224464+00:00,Corcovado,1508-05-,0,0,GREEN,0
2026-09-01T01:20:47.224464+00:00,Melimoyu,1508-052,0,0,GREEN,0
2026-09-01T01:20:47.224464+00:00,Mentolat,1508-054,0,0,GREEN,0
2026-09-01T01:20:47.224464+00:00,Cay,1508-055,0,0,GREEN,0
2026-09-01T01:20:47.224464+00:00,Maca,1508-056,0,0,GREEN,0
2026-09-01T01:20:47.224464+00:00,Hudson,1508-057,0,0,GREEN,0
2026-09-01T01:20:47.224464+00:00,Wai Sano (IDN),0604-06-,0,0,GREEN,0
2026-09-01T01:20:47.224464+00:00,Ranakah (IDN),0604-071,0,0,GREEN,0
2026-09-01T01:20:47.224464+00:00,Ambrym (VUT),0507-04-,0,0,GREEN,0
2026-09-01T01:20:47.224464+00:00,Jingbo (CHN),1005-04-,0,0,GREEN,0
2026-09-01T01:20:47.224464+00:00,Kishb Harrat (SAU),0301-071,0,0,GREEN,0
2026-09-01T01:20:47.224464+00:00,Semeru (IDN),0603-30-,0,0,GREEN,0
2026-09-01T01:20:47.224464+00:00,Kavachi (SLB),0505-06-,0,0,GREEN,0
2026-09-01T01:25:47.619513+00:00,Acatenango,1402-09-,0,944,GREEN,944
2026-09-01T01:25:47.619513+00:00,Fuego,1402-10-,1,1057,YELLOW,1059
2026-09-01T01:25:47.619513+00:00,Agua,1402-111,58,1164,YELLOW,1280
2026-09-01T01:25:47.619513+00:00,Concepcion (NIC),1404-12-,0,0,GREEN,0
2026-09-01T01:25:47.619513+00:00,Maderas (NIC),1404-13-,0,0,GREEN,0
2026-09-01T01:25:47.619513+00:00,Orosi (CRI),1405-01-,0,0,GREEN,0
2026-09-01T01:25:47.619513+00:00,Rincon de la Vieja (CRI),1405-02-,0,0,GREEN,0
2026-09-01T01:25:47.619513+00:00,Taapaca,1505-011,0,0,GREEN,0
2026-09-01T01:25:47.619513+00:00,Parinacota,1505-012,0,0,GREEN,0
2026-09-01T01:25:47.619513+00:00,Guallatiri,1505-02-,0,0,GREEN,0
2026-09-01T01:25:47.619513+00:00,Isluga,1505-03-,0,0,GREEN,0
2026-09-01T01:25:47.619513+00:00,Irruputuncu,1505-04-,0,0,GREEN,0
2026-09-01T01:25:47.619513+00:00,Ollague,1505-06-,0,0,GREEN,0
2026-09-01T01:25:47.619513+00:00,San Pedro,1505-07-,0,0,GREEN,0
2026-09-01T01:25:47.619513+00:00,Lascar,1505-10-,0,0,GREEN,0
2026-09-01T01:25:47.619513+00:00,Tupungatito,1507-01-,0,0,GREEN,0
2026-09-01T01:25:47.619513+00:00,San Jose,1507-02-,0,0,GREEN,0
2026-09-01T01:25:47.619513+00:00,Tinguiririca,1507-03-,0,0,GREEN,0
2026-09-01T01:25:47.619513+00:00,Planchon-Peteroa,1507-04-,0,0,GREEN,0
2026-09-01T01:25:47.619513+00:00,Descabezado Grande,1507-05-,0,0,GREEN,0
2026-09-01T01:25:47.619513+00:00,Tatara-San Pedro,1507-062,0,0,GREEN,0
2026-09-01T01:25:47.619513+00:00,Laguna del Maule,1507-061,0,0,GREEN,0
2026-09-01T01:25:47.619513+00:00,Nevado de Longavi,1507-063,0,0,GREEN,0
2026-09-01T01:25:47.619513+00:00,Nevados de Chillan,1507-07-,0,0,GREEN,0
2026-09-01T01:25:47.619513+00:00,Antuco,1507-08-,0,0,GREEN,0
2026-09-01T01:25:47.619513+00:00,Copahue,1507-09-,0,0,GREEN,0
2026-09-01T01:25:47.619513+00:00,Callaqui,1507-091,0,0,GREEN,0
2026-09-01T01:25:47.619513+00:00,Lonquimay,1507-10-,0,0,GREEN,0
2026-09-01T01:25:47.619513+00:00,Llaima,1507-11-,0,0,GREEN,0
2026-09-01T01:25:47.619513+00:00,Sollipulli,1507-111,0,0,GREEN,0
2026-09-01T01:25:47.619513+00:00,Villarrica,1507-12-,0,0,GREEN,0
2026-09-01T01:25:47.619513+00:00,Quetrupillan,1507-121,0,0,GREEN,0
2026-09-01T01:25:47.619513+00:00,Lanin,1507-122,0,0,GREEN,0
2026-09-01T01:25:47.619513+00:00,Mocho-Choshuenco,1507-13-,0,0,GREEN,0
2026-09-01T01:25:47.619513+00:00,Carran - Los Venados,1507-14-,0,0,GREEN,0
2026-09-01T01:25:47.619513+00:00,Puyehue - Cordon Caulle,1507-15-,0,0,GREEN,0
2026-09-01T01:25:47.619513+00:00,Antillanca - Casablanca,1507-153,0,0,GREEN,0
2026-09-01T01:25:47.619513+00:00,Osorno,1508-01-,0,0,GREEN,0
2026-09-01T01:25:47.619513+00:00,Calbuco,1508-02-,0,0,GREEN,0
2026-09-01T01:25:47.619513+00:00,Yate,1508-022,0,0,GREEN,0
2026-09-01T01:25:47.619513+00:00,Hornopiren,1508-023,0,0,GREEN,0
2026-09-01T01:25:47.619513+00:00,Huequi,1508-03-,0,0,GREEN,0
2026-09-01T01:25:47.619513+00:00,Michinmahuida,1508-04-,0,0,GREEN,0
2026-09-01T01:25:47.619513+00:00,Chaiten,1508-041,0,0,GREEN,0
2026-09-01T01:25:47.619513+00:00,Corcovado,1508-05-,0,0,GREEN,0
2026-09-01T01:25:47.619513+00:00,Melimoyu,1508-052,0,0,GREEN,0
2026-09-01T01:25:47.619513+00:00,Mentolat,1508-054,0,0,GREEN,0
2026-09-01T01:25:47.619513+00:00,Cay,1508-055,0,0,GREEN,0
2026-09-01T01:25:47.619513+00:00,Maca,1508-056,0,0,GREEN,0
2026-09-01T01:25:47.619513+00:00,Hudson,1508-057,0,0,GREEN,0
2026-09-01T01:25:47.619513+00:00,Wai Sano (IDN),0604-06-,0,0,GREEN,0
2026-09-01T01:25:47.619513+00:00,Ranakah (IDN),0604-071,0,0,GREEN,0
2026-09-01T01:25:47.619513+00:00,Ambrym (VUT),0507-04-,0,0,GREEN,0
2026-09-01T01:25:47.619513+00:00,Jingbo (CHN),1005-04-,0,1,GREEN,1
2026-09-01T01:25:47.619513+00:00,Kishb Harrat (SAU),0301-071,0,0,GREEN,0
2026-09-01T01:25:47.619513+00:00,Semeru (IDN),0603-30-,0,0,GREEN,0
2026-09-01T01:25:47.619513+00:00,Kavachi (SLB),0505-06-,0,0,GREEN,0
2026-09-01T01:30:48.078188+00:00,Acatenango,1402-09-,0,928,GREEN,928
2026-09-01T01:30:48.078188+00:00,Fuego,1402-10-,1,1013,YELLOW,1015
2026-09-01T01:30:48.078188+00:00,Agua,1402-111,40,1143,YELLOW,1223
2026-09-01T01:30:48.078188+00:00,Concepcion (NIC),1404-12-,0,0,GREEN,0
2026-09-01T01:30:48.078188+00:00,Maderas (NIC),1404-13-,0,0,GREEN,0
2026-09-01T01:30:48.078188+00:00,Orosi (CRI),1405-01-,0,0,GREEN,0
2026-09-01T01:30:48.078188+00:00,Rincon de la Vieja (CRI),1405-02-,0,0,GREEN,0
2026-09-01T01:30:48.078188+00:00,Taapaca,1505-011,0,0,GREEN,0
2026-09-01T01:30:48.078188+00:00,Parinacota,1505-012,0,0,GREEN,0
2026-09-01T01:30:48.078188+00:00,Guallatiri,1505-02-,0,0,GREEN,0
2026-09-01T01:30:48.078188+00:00,Isluga,1505-03-,0,0,GREEN,0
2026-09-01T01:30:48.078188+00:00,Irruputuncu,1505-04-,0,0,GREEN,0
2026-09-01T01:30:48.078188+00:00,Ollague,1505-06-,0,0,GREEN,0
2026-09-01T01:30:48.078188+00:00,San Pedro,1505-07-,0,0,GREEN,0
2026-09-01T01:30:48.078188+00:00,Lascar,1505-10-,0,0,GREEN,0
2026-09-01T01:30:48.078188+00:00,Tupungatito,1507-01-,0,0,GREEN,0
2026-09-01T01:30:48.078188+00:00,San Jose,1507-02-,0,0,GREEN,0
2026-09-01T01:30:48.078188+00:00,Tinguiririca,1507-03-,0,0,GREEN,0
2026-09-01T01:30:48.078188+00:00,Planchon-Peteroa,1507-04-,0,0,GREEN,0
2026-09-01T01:30:48.078188+00:00,Descabezado Grande,1507-05-,0,0,GREEN,0
2026-09-01T01:30:48.078188+00:00,Tatara-San Pedro,1507-062,0,0,GREEN,0
2026-09-01T01:30:48.078188+00:00,Laguna del Maule,1507-061,0,0,GREEN,0
2026-09-01T01:30:48.078188+00:00,Nevado de Longavi,1507-063,0,0,GREEN,0
2026-09-01T01:30:48.078188+00:00,Nevados de Chillan,1507-07-,0,0,GREEN,0
2026-09-01T01:30:48.078188+00:00,Antuco,1507-08-,0,0,GREEN,0
2026-09-01T01:30:48.078188+00:00,Copahue,1507-09-,0,0,GREEN,0
2026-09-01T01:30:48.078188+00:00,Callaqui,1507-091,0,0,GREEN,0
2026-09-01T01:30:48.078188+00:00,Lonquimay,1507-10-,0,0,GREEN,0
2026-09-01T01:30:48.078188+00:00,Llaima,1507-11-,0,0,GREEN,0
2026-09-01T01:30:48.078188+00:00,Sollipulli,1507-111,0,0,GREEN,0
2026-09-01T01:30:48.078188+00:00,Villarrica,1507-12-,0,0,GREEN,0
2026-09-01T01:30:48.078188+00:00,Quetrupillan,1507-121,0,0,GREEN,0
2026-09-01T01:30:48.078188+00:00,Lanin,1507-122,0,0,GREEN,0
2026-09-01T01:30:48.078188+00:00,Mocho-Choshuenco,1507-13-,0,0,GREEN,0
2026-09-01T01:30:48.078188+00:00,Carran - Los Venados,1507-14-,0,0,GREEN,0
2026-09-01T01:30:48.078188+00:00,Puyehue - Cordon Caulle,1507-15-,0,0,GREEN,0
2026-09-01T01:30:48.078188+00:00,Antillanca - Casablanca,1507-153,0,0,GREEN,0
2026-09-01T01:30:48.078188+00:00,Osorno,1508-01-,0,0,GREEN,0
2026-09-01T01:30:48.078188+00:00,Calbuco,1508-02-,0,0,GREEN,0
2026-09-01T01:30:48.078188+00:00,Yate,1508-022,0,0,GREEN,0
2026-09-01T01:30:48.078188+00:00,Hornopiren,1508-023,0,0,GREEN,0
2026-09-01T01:30:48.078188+00:00,Huequi,1508-03-,0,0,GREEN,0
2026-09-01T01:30:48.078188+00:00,Michinmahuida,1508-04-,0,0,GREEN,0
2026-09-01T01:30:48.078188+00:00,Chaiten,1508-041,0,0,GREEN,0
2026-09-01T01:30:48.078188+00:00,Corcovado,1508-05-,0,0,GREEN,0
2026-09-01T01:30:48.078188+00:00,Melimoyu,1508-052,0,0,GREEN,0
2026-09-01T01:30:48.078188+00:00,Mentolat,1508-054,0,0,GREEN,0
2026-09-01T01:30:48.078188+00:00,Cay,1508-055,0,0,GREEN,0
2026-09-01T01:30:48.078188+00:00,Maca,1508-056,0,0,GREEN,0
2026-09-01T01:30:48.078188+00:00,Hudson,1508-057,0,0,GREEN,0
2026-09-01T01:30:48.078188+00:00,Wai Sano (IDN),0604-06-,0,0,GREEN,0
2026-09-01T01:30:48.078188+00:00,Ranakah (IDN),0604-071,0,0,GREEN,0
2026-09-01T01:30:48.078188+00:00,Ambrym (VUT),0507-04-,0,0,GREEN,0
2026-09-01T01:30:48.078188+00:00,Jingbo (CHN),1005-04-,0,1,GREEN,1
2026-09-01T01:30:48.078188+00:00,Kishb Harrat (SAU),0301-071,0,0,GREEN,0
2026-09-01T01:30:48.078188+00:00,Semeru (IDN),0603-30-,0,0,GREEN,0
2026-09-01T01:30:48.078188+00:00,Kavachi (SLB),0505-06-,0,0,GREEN,0
2026-09-01T01:35:45.332252+00:00,Acatenango,1402-09-,0,921,GREEN,921
2026-09-01T01:35:45.332252+00:00,Fuego,1402-10-,1,981,YELLOW,983
2026-09-01T01:35:45.332252+00:00,Agua,1402-111,30,1107,YELLOW,1167
2026-09-01T01:35:45.332252+00:00,Concepcion (NIC),1404-12-,0,0,GREEN,0
2026-09-01T01:35:45.332252+00:00,Maderas (NIC),1404-13-,0,0,GREEN,0
2026-09-01T01:35:45.332252+00:00,Orosi (CRI),1405-01-,0,0,GREEN,0
2026-09-01T01:35:45.332252+00:00,Rincon de la Vieja (CRI),1405-02-,0,0,GREEN,0
2026-09-01T01:35:45.332252+00:00,Taapaca,1505-011,0,0,GREEN,0
2026-09-01T01:35:45.332252+00:00,Parinacota,1505-012,0,0,GREEN,0
2026-09-01T01:35:45.332252+00:00,Guallatiri,1505-02-,0,0,GREEN,0
2026-09-01T01:35:45.332252+00:00,Isluga,1505-03-,0,0,GREEN,0
2026-09-01T01:35:45.332252+00:00,Irruputuncu,1505-04-,0,0,GREEN,0
2026-09-01T01:35:45.332252+00:00,Ollague,1505-06-,0,0,GREEN,0
2026-09-01T01:35:45.332252+00:00,San Pedro,1505-07-,0,0,GREEN,0
2026-09-01T01:35:45.332252+00:00,Lascar,1505-10-,0,0,GREEN,0
2026-09-01T01:35:45.332252+00:00,Tupungatito,1507-01-,0,0,GREEN,0
2026-09-01T01:35:45.332252+00:00,San Jose,1507-02-,0,0,GREEN,0
2026-09-01T01:35:45.332252+00:00,Tinguiririca,1507-03-,0,0,GREEN,0
2026-09-01T01:35:45.332252+00:00,Planchon-Peteroa,1507-04-,0,0,GREEN,0
2026-09-01T01:35:45.332252+00:00,Descabezado Grande,1507-05-,0,0,GREEN,0
2026-09-01T01:35:45.332252+00:00,Tatara-San Pedro,1507-062,0,0,GREEN,0
2026-09-01T01:35:45.332252+00:00,Laguna del Maule,1507-061,0,0,GREEN,0
2026-09-01T01:35:45.332252+00:00,Nevado de Longavi,1507-063,0,0,GREEN,0
2026-09-01T01:35:45.332252+00:00,Nevados de Chillan,1507-07-,0,0,GREEN,0
2026-09-01T01:35:45.332252+00:00,Antuco,1507-08-,0,0,GREEN,0
2026-09-01T01:35:45.332252+00:00,Copahue,1507-09-,0,0,GREEN,0
2026-09-01T01:35:45.332252+00:00,Callaqui,1507-091,0,0,GREEN,0
2026-09-01T01:35:45.332252+00:00,Lonquimay,1507-10-,0,0,GREEN,0
2026-09-01T01:35:45.332252+00:00,Llaima,1507-11-,0,0,GREEN,0
2026-09-01T01:35:45.332252+00:00,Sollipulli,1507-111,0,0,GREEN,0
2026-09-01T01:35:45.332252+00:00,Villarrica,1507-12-,0,0,GREEN,0
2026-09-01T01:35:45.332252+00:00,Quetrupillan,1507-121,0,0,GREEN,0
2026-09-01T01:35:45.332252+00:00,Lanin,1507-122,0,0,GREEN,0
2026-09-01T01:35:45.332252+00:00,Mocho-Choshuenco,1507-13-,0,0,GREEN,0
2026-09-01T01:35:45.332252+00:00,Carran - Los Venados,1507-14-,0,0,GREEN,0
2026-09-01T01:35:45.332252+00:00,Puyehue - Cordon Caulle,1507-15-,0,0,GREEN,0
2026-09-01T01:35:45.332252+00:00,Antillanca - Casablanca,1507-153,0,0,GREEN,0
2026-09-01T01:35:45.332252+00:00,Osorno,1508-01-,0,0,GREEN,0
2026-09-01T01:35:45.332252+00:00,Calbuco,1508-02-,0,0,GREEN,0
2026-09-01T01:35:45.332252+00:00,Yate,1508-022,0,0,GREEN,0
2026-09-01T01:35:45.332252+00:00,Hornopiren,1508-023,0,0,GREEN,0
2026-09-01T01:35:45.332252+00:00,Huequi,1508-03-,0,0,GREEN,0
2026-09-01T01:35:45.332252+00:00,Michinmahuida,1508-04-,0,0,GREEN,0
2026-09-01T01:35:45.332252+00:00,Chaiten,1508-041,0,0,GREEN,0
2026-09-01T01:35:45.332252+00:00,Corcovado,1508-05-,0,0,GREEN,0
2026-09-01T01:35:45.332252+00:00,Melimoyu,1508-052,0,0,GREEN,0
2026-09-01T01:35:45.332252+00:00,Mentolat,1508-054,0,0,GREEN,0
2026-09-01T01:35:45.332252+00:00,Cay,1508-055,0,0,GREEN,0
2026-09-01T01:35:45.332252+00:00,Maca,1508-056,0,0,GREEN,0
2026-09-01T01:35:45.332252+00:00,Hudson,1508-057,0,0,GREEN,0
2026-09-01T01:35:45.332252+00:00,Wai Sano (IDN),0604-06-,0,0,GREEN,0
2026-09-01T01:35:45.332252+00:00,Ranakah (IDN),0604-071,0,0,GREEN,0
2026-09-01T01:35:45.332252+00:00,Ambrym (VUT),0507-04-,0,0,GREEN,0
2026-09-01T01:35:45.332252+00:00,Jingbo (CHN),1005-04-,0,5,GREEN,5
2026-09-01T01:35:45.332252+00:00,Kishb Harrat (SAU),0301-071,0,0,GREEN,0
2026-09-01T01:35:45.332252+00:00,Semeru (IDN),0603-30-,0,0,GREEN,0
2026-09-01T01:35:45.332252+00:00,Kavachi (SLB),0505-06-,0,0,GREEN,0
2026-09-01T01:40:47.281095+00:00,Acatenango,1402-09-,0,958,GREEN,958
2026-09-01T01:40:47.281095+00:00,Fuego,1402-10-,1,1001,YELLOW,1003
2026-09-01T01:40:47.281095+00:00,Agua,1402-111,28,1086,YELLOW,1142
2026-09-01T01:40:47.281095+00:00,Concepcion (NIC),1404-12-,0,0,GREEN,0
2026-09-01T01:40:47.281095+00:00,Maderas (NIC),1404-13-,0,0,GREEN,0
2026-09-01T01:40:47.281095+00:00,Orosi (CRI),1405-01-,0,0,GREEN,0
2026-09-01T01:40:47.281095+00:00,Rincon de la Vieja (CRI),1405-02-,0,0,GREEN,0
2026-09-01T01:40:47.281095+00:00,Taapaca,1505-011,0,0,GREEN,0
2026-09-01T01:40:47.281095+00:00,Parinacota,1505-012,0,0,GREEN,0
2026-09-01T01:40:47.281095+00:00,Guallatiri,1505-02-,0,0,GREEN,0
2026-09-01T01:40:47.281095+00:00,Isluga,1505-03-,0,0,GREEN,0
2026-09-01T01:40:47.281095+00:00,Irruputuncu,1505-04-,0,0,GREEN,0
2026-09-01T01:40:47.281095+00:00,Ollague,1505-06-,0,0,GREEN,0
2026-09-01T01:40:47.281095+00:00,San Pedro,1505-07-,0,0,GREEN,0
2026-09-01T01:40:47.281095+00:00,Lascar,1505-10-,0,0,GREEN,0
2026-09-01T01:40:47.281095+00:00,Tupungatito,1507-01-,0,0,GREEN,0
2026-09-01T01:40:47.281095+00:00,San Jose,1507-02-,0,0,GREEN,0
2026-09-01T01:40:47.281095+00:00,Tinguiririca,1507-03-,0,0,GREEN,0
2026-09-01T01:40:47.281095+00:00,Planchon-Peteroa,1507-04-,0,0,GREEN,0
2026-09-01T01:40:47.281095+00:00,Descabezado Grande,1507-05-,0,0,GREEN,0
2026-09-01T01:40:47.281095+00:00,Tatara-San Pedro,1507-062,0,0,GREEN,0
2026-09-01T01:40:47.281095+00:00,Laguna del Maule,1507-061,0,0,GREEN,0
2026-09-01T01:40:47.281095+00:00,Nevado de Longavi,1507-063,0,0,GREEN,0
2026-09-01T01:40:47.281095+00:00,Nevados de Chillan,1507-07-,0,0,GREEN,0
2026-09-01T01:40:47.281095+00:00,Antuco,1507-08-,0,0,GREEN,0
2026-09-01T01:40:47.281095+00:00,Copahue,1507-09-,0,0,GREEN,0
2026-09-01T01:40:47.281095+00:00,Callaqui,1507-091,0,0,GREEN,0
2026-09-01T01:40:47.281095+00:00,Lonquimay,1507-10-,0,0,GREEN,0
2026-09-01T01:40:47.281095+00:00,Llaima,1507-11-,0,0,GREEN,0
2026-09-01T01:40:47.281095+00:00,Sollipulli,1507-111,0,0,GREEN,0
2026-09-01T01:40:47.281095+00:00,Villarrica,1507-12-,0,0,GREEN,0
2026-09-01T01:40:47.281095+00:00,Quetrupillan,1507-121,0,0,GREEN,0
2026-09-01T01:40:47.281095+00:00,Lanin,1507-122,0,0,GREEN,0
2026-09-01T01:40:47.281095+00:00,Mocho-Choshuenco,1507-13-,0,0,GREEN,0
2026-09-01T01:40:47.281095+00:00,Carran - Los Venados,1507-14-,0,0,GREEN,0
2026-09-01T01:40:47.281095+00:00,Puyehue - Cordon Caulle,1507-15-,0,0,GREEN,0
2026-09-01T01:40:47.281095+00:00,Antillanca - Casablanca,1507-153,0,0,GREEN,0
2026-09-01T01:40:47.281095+00:00,Osorno,1508-01-,0,0,GREEN,0
2026-09-01T01:40:47.281095+00:00,Calbuco,1508-02-,0,0,GREEN,0
2026-09-01T01:40:47.281095+00:00,Yate,1508-022,0,0,GREEN,0
2026-09-01T01:40:47.281095+00:00,Hornopiren,1508-023,0,0,GREEN,0
2026-09-01T01:40:47.281095+00:00,Huequi,1508-03-,0,0,GREEN,0
2026-09-01T01:40:47.281095+00:00,Michinmahuida,1508-04-,0,0,GREEN,0
2026-09-01T01:40:47.281095+00:00,Chaiten,1508-041,0,0,GREEN,0
2026-09-01T01:40:47.281095+00:00,Corcovado,1508-05-,0,0,GREEN,0
2026-09-01T01:40:47.281095+00:00,Melimoyu,1508-052,0,0,GREEN,0
2026-09-01T01:40:47.281095+00:00,Mentolat,1508-054,0,0,GREEN,0
2026-09-01T01:40:47.281095+00:00,Cay,1508-055,0,0,GREEN,0
2026-09-01T01:40:47.281095+00:00,Maca,1508-056,0,0,GREEN,0
2026-09-01T01:40:47.281095+00:00,Hudson,1508-057,0,0,GREEN,0
2026-09-01T01:40:47.281095+00:00,Wai Sano (IDN),0604-06-,0,0,GREEN,0
2026-09-01T01:40:47.281095+00:00,Ranakah (IDN),0604-071,0,0,GREEN,0
2026-09-01T01:40:47.281095+00:00,Ambrym (VUT),0507-04-,0,0,GREEN,0
2026-09-01T01:40:47.281095+00:00,Jingbo (CHN),1005-04-,0,7,GREEN,7
2026-09-01T01:40:47.281095+00:00,Kishb Harrat (SAU),0301-071,0,0,GREEN,0
2026-09-01T01:40:47.281095+00:00,Semeru (IDN),0603-30-,0,0,GREEN,0
2026-09-01T01:40:47.281095+00:00,Kavachi (SLB),0505-06-,0,0,GREEN,0
2026-09-01T01:45:46.373497+00:00,Acatenango,1402-09-,0,933,GREEN,933
2026-09-01T01:45:46.373497+00:00,Fuego,1402-10-,1,971,YELLOW,973
2026-09-01T01:45:46.373497+00:00,Agua,1402-111,21,1025,YELLOW,1067
2026-09-01T01:45:46.373497+00:00,Concepcion (NIC),1404-12-,0,0,GREEN,0
2026-09-01T01:45:46.373497+00:00,Maderas (NIC),1404-13-,0,0,GREEN,0
2026-09-01T01:45:46.373497+00:00,Orosi (CRI),1405-01-,0,0,GREEN,0
2026-09-01T01:45:46.373497+00:00,Rincon de la Vieja (CRI),1405-02-,0,0,GREEN,0
2026-09-01T01:45:46.373497+00:00,Taapaca,1505-011,0,0,GREEN,0
2026-09-01T01:45:46.373497+00:00,Parinacota,1505-012,0,0,GREEN,0
2026-09-01T01:45:46.373497+00:00,Guallatiri,1505-02-,0,0,GREEN,0
2026-09-01T01:45:46.373497+00:00,Isluga,1505-03-,0,0,GREEN,0
2026-09-01T01:45:46.373497+00:00,Irruputuncu,1505-04-,0,0,GREEN,0
2026-09-01T01:45:46.373497+00:00,Ollague,1505-06-,0,0,GREEN,0
2026-09-01T01:45:46.373497+00:00,San Pedro,1505-07-,0,0,GREEN,0
2026-09-01T01:45:46.373497+00:00,Lascar,1505-10-,0,0,GREEN,0
2026-09-01T01:45:46.373497+00:00,Tupungatito,1507-01-,0,0,GREEN,0
2026-09-01T01:45:46.373497+00:00,San Jose,1507-02-,0,0,GREEN,0
2026-09-01T01:45:46.373497+00:00,Tinguiririca,1507-03-,0,0,GREEN,0
2026-09-01T01:45:46.373497+00:00,Planchon-Peteroa,1507-04-,0,0,GREEN,0
2026-09-01T01:45:46.373497+00:00,Descabezado Grande,1507-05-,0,0,GREEN,0
2026-09-01T01:45:46.373497+00:00,Tatara-San Pedro,1507-062,0,0,GREEN,0
2026-09-01T01:45:46.373497+00:00,Laguna del Maule,1507-061,0,0,GREEN,0
2026-09-01T01:45:46.373497+00:00,Nevado de Longavi,1507-063,0,0,GREEN,0
2026-09-01T01:45:46.373497+00:00,Nevados de Chillan,1507-07-,0,0,GREEN,0
2026-09-01T01:45:46.373497+00:00,Antuco,1507-08-,0,0,GREEN,0
2026-09-01T01:45:46.373497+00:00,Copahue,1507-09-,0,0,GREEN,0
2026-09-01T01:45:46.373497+00:00,Callaqui,1507-091,0,0,GREEN,0
2026-09-01T01:45:46.373497+00:00,Lonquimay,1507-10-,0,0,GREEN,0
2026-09-01T01:45:46.373497+00:00,Llaima,1507-11-,0,0,GREEN,0
2026-09-01T01:45:46.373497+00:00,Sollipulli,1507-111,0,0,GREEN,0
2026-09-01T01:45:46.373497+00:00,Villarrica,1507-12-,0,0,GREEN,0
2026-09-01T01:45:46.373497+00:00,Quetrupillan,1507-121,0,0,GREEN,0
2026-09-01T01:45:46.373497+00:00,Lanin,1507-122,0,0,GREEN,0
2026-09-01T01:45:46.373497+00:00,Mocho-Choshuenco,1507-13-,0,0,GREEN,0
2026-09-01T01:45:46.373497+00:00,Carran - Los Venados,1507-14-,0,0,GREEN,0
2026-09-01T01:45:46.373497+00:00,Puyehue - Cordon Caulle,1507-15-,0,0,GREEN,0
2026-09-01T01:45:46.373497+00:00,Antillanca - Casablanca,1507-153,0,0,GREEN,0
2026-09-01T01:45:46.373497+00:00,Osorno,1508-01-,0,0,GREEN,0
2026-09-01T01:45:46.373497+00:00,Calbuco,1508-02-,0,0,GREEN,0
2026-09-01T01:45:46.373497+00:00,Yate,1508-022,0,0,GREEN,0
2026-09-01T01:45:46.373497+00:00,Hornopiren,1508-023,0,0,GREEN,0
2026-09-01T01:45:46.373497+00:00,Huequi,1508-03-,0,0,GREEN,0
2026-09-01T01:45:46.373497+00:00,Michinmahuida,1508-04-,0,0,GREEN,0
2026-09-01T01:45:46.373497+00:00,Chaiten,1508-041,0,0,GREEN,0
2026-09-01T01:45:46.373497+00:00,Corcovado,1508-05-,0,0,GREEN,0
2026-09-01T01:45:46.373497+00:00,Melimoyu,1508-052,0,0,GREEN,0
2026-09-01T01:45:46.373497+00:00,Mentolat,1508-054,0,0,GREEN,0
2026-09-01T01:45:46.373497+00:00,Cay,1508-055,0,0,GREEN,0
2026-09-01T01:45:46.373497+00:00,Maca,1508-056,0,0,GREEN,0
2026-09-01T01:45:46.373497+00:00,Hudson,1508-057,0,0,GREEN,0
2026-09-01T01:45:46.373497+00:00,Wai Sano (IDN),0604-06-,0,0,GREEN,0
2026-09-01T01:45:46.373497+00:00,Ranakah (IDN),0604-071,0,0,GREEN,0
2026-09-01T01:45:46.373497+00:00,Ambrym (VUT),0507-04-,0,0,GREEN,0
2026-09-01T01:45:46.373497+00:00,Jingbo (CHN),1005-04-,0,10,GREEN,10
2026-09-01T01:45:46.373497+00:00,Kishb Harrat (SAU),0301-071,0,0,GREEN,0
2026-09-01T01:45:46.373497+00:00,Semeru (IDN),0603-30-,0,0,GREEN,0
2026-09-01T01:45:46.373497+00:00,Kavachi (SLB),0505-06-,0,0,GREEN,0
2026-09-01T01:50:47.098355+00:00,Acatenango,1402-09-,0,993,GREEN,993
2026-09-01T01:50:47.098355+00:00,Fuego,1402-10-,1,1023,YELLOW,1025
2026-09-01T01:50:47.098355+00:00,Agua,1402-111,16,1068,YELLOW,1100
2026-09-01T01:50:47.098355+00:00,Concepcion (NIC),1404-12-,0,0,GREEN,0
2026-09-01T01:50:47.098355+00:00,Maderas (NIC),1404-13-,0,0,GREEN,0
2026-09-01T01:50:47.098355+00:00,Orosi (CRI),1405-01-,0,0,GREEN,0
2026-09-01T01:50:47.098355+00:00,Rincon de la Vieja (CRI),1405-02-,0,0,GREEN,0
2026-09-01T01:50:47.098355+00:00,Taapaca,1505-011,0,0,GREEN,0
2026-09-01T01:50:47.098355+00:00,Parinacota,1505-012,0,0,GREEN,0
2026-09-01T01:50:47.098355+00:00,Guallatiri,1505-02-,0,0,GREEN,0
2026-09-01T01:50:47.098355+00:00,Isluga,1505-03-,0,0,GREEN,0
2026-09-01T01:50:47.098355+00:00,Irruputuncu,1505-04-,0,0,GREEN,0
2026-09-01T01:50:47.098355+00:00,Ollague,1505-06-,0,0,GREEN,0
2026-09-01T01:50:47.098355+00:00,San Pedro,1505-07-,0,0,GREEN,0
2026-09-01T01:50:47.098355+00:00,Lascar,1505-10-,0,0,GREEN,0
2026-09-01T01:50:47.098355+00:00,Tupungatito,1507-01-,0,0,GREEN,0
2026-09-01T01:50:47.098355+00:00,San Jose,1507-02-,0,0,GREEN,0
2026-09-01T01:50:47.098355+00:00,Tinguiririca,1507-03-,0,0,GREEN,0
2026-09-01T01:50:47.098355+00:00,Planchon-Peteroa,1507-04-,0,0,GREEN,0
2026-09-01T01:50:47.098355+00:00,Descabezado Grande,1507-05-,0,0,GREEN,0
2026-09-01T01:50:47.098355+00:00,Tatara-San Pedro,1507-062,0,0,GREEN,0
2026-09-01T01:50:47.098355+00:00,Laguna del Maule,1507-061,0,0,GREEN,0
2026-09-01T01:50:47.098355+00:00,Nevado de Longavi,1507-063,0,0,GREEN,0
2026-09-01T01:50:47.098355+00:00,Nevados de Chillan,1507-07-,0,0,GREEN,0
2026-09-01T01:50:47.098355+00:00,Antuco,1507-08-,0,0,GREEN,0
2026-09-01T01:50:47.098355+00:00,Copahue,1507-09-,0,0,GREEN,0
2026-09-01T01:50:47.098355+00:00,Callaqui,1507-091,0,0,GREEN,0
2026-09-01T01:50:47.098355+00:00,Lonquimay,1507-10-,0,0,GREEN,0
2026-09-01T01:50:47.098355+00:00,Llaima,1507-11-,0,0,GREEN,0
2026-09-01T01:50:47.098355+00:00,Sollipulli,1507-111,0,0,GREEN,0
2026-09-01T01:50:47.098355+00:00,Villarrica,1507-12-,0,0,GREEN,0
2026-09-01T01:50:47.098355+00:00,Quetrupillan,1507-121,0,0,GREEN,0
2026-09-01T01:50:47.098355+00:00,Lanin,1507-122,0,0,GREEN,0
2026-09-01T01:50:47.098355+00:00,Mocho-Choshuenco,1507-13-,0,0,GREEN,0
2026-09-01T01:50:47.098355+00:00,Carran - Los Venados,1507-14-,0,0,GREEN,0
2026-09-01T01:50:47.098355+00:00,Puyehue - Cordon Caulle,1507-15-,0,0,GREEN,0
2026-09-01T01:50:47.098355+00:00,Antillanca - Casablanca,1507-153,0,0,GREEN,0
2026-09-01T01:50:47.098355+00:00,Osorno,1508-01-,0,0,GREEN,0
2026-09-01T01:50:47.098355+00:00,Calbuco,1508-02-,0,0,GREEN,0
2026-09-01T01:50:47.098355+00:00,Yate,1508-022,0,0,GREEN,0
2026-09-01T01:50:47.098355+00:00,Hornopiren,1508-023,0,0,GREEN,0
2026-09-01T01:50:47.098355+00:00,Huequi,1508-03-,0,0,GREEN,0
2026-09-01T01:50:47.098355+00:00,Michinmahuida,1508-04-,0,0,GREEN,0
2026-09-01T01:50:47.098355+00:00,Chaiten,1508-041,0,0,GREEN,0
2026-09-01T01:50:47.098355+00:00,Corcovado,1508-05-,0,0,GREEN,0
2026-09-01T01:50:47.098355+00:00,Melimoyu,1508-052,0,0,GREEN,0
2026-09-01T01:50:47.098355+00:00,Mentolat,1508-054,0,0,GREEN,0
2026-09-01T01:50:47.098355+00:00,Cay,1508-055,0,0,GREEN,0
2026-09-01T01:50:47.098355+00:00,Maca,1508-056,0,0,GREEN,0
2026-09-01T01:50:47.098355+00:00,Hudson,1508-057,0,0,GREEN,0
2026-09-01T01:50:47.098355+00:00,Wai Sano (IDN),0604-06-,0,0,GREEN,0
2026-09-01T01:50:47.098355+00:00,Ranakah (IDN),0604-071,0,0,GREEN,0
2026-09-01T01:50:47.098355+00:00,Ambrym (VUT),0507-04-,0,0,GREEN,0
2026-09-01T01:50:47.098355+00:00,Jingbo (CHN),1005-04-,0,11,GREEN,11
2026-09-01T01:50:47.098355+00:00,Kishb Harrat (SAU),0301-071,0,0,GREEN,0
2026-09-01T01:50:47.098355+00:00,Semeru (IDN),0603-30-,0,0,GREEN,0
2026-09-01T01:50:47.098355+00:00,Kavachi (SLB),0505-06-,0,0,GREEN,0
2026-09-01T01:55:52.011104+00:00,Acatenango,1402-09-,0,1070,GREEN,1070
2026-09-01T01:55:52.011104+00:00,Fuego,1402-10-,1,1091,YELLOW,1093
2026-09-01T01:55:52.011104+00:00,Agua,1402-111,17,1134,YELLOW,1168
2026-09-01T01:55:52.011104+00:00,Concepcion (NIC),1404-12-,0,0,GREEN,0
2026-09-01T01:55:52.011104+00:00,Maderas (NIC),1404-13-,0,0,GREEN,0
2026-09-01T01:55:52.011104+00:00,Orosi (CRI),1405-01-,0,0,GREEN,0
2026-09-01T01:55:52.011104+00:00,Rincon de la Vieja (CRI),1405-02-,0,0,GREEN,0
2026-09-01T01:55:52.011104+00:00,Taapaca,1505-011,0,0,GREEN,0
2026-09-01T01:55:52.011104+00:00,Parinacota,1505-012,0,0,GREEN,0
2026-09-01T01:55:52.011104+00:00,Guallatiri,1505-02-,0,0,GREEN,0
2026-09-01T01:55:52.011104+00:00,Isluga,1505-03-,0,0,GREEN,0
2026-09-01T01:55:52.011104+00:00,Irruputuncu,1505-04-,0,0,GREEN,0
2026-09-01T01:55:52.011104+00:00,Ollague,1505-06-,0,0,GREEN,0
2026-09-01T01:55:52.011104+00:00,San Pedro,1505-07-,0,0,GREEN,0
2026-09-01T01:55:52.011104+00:00,Lascar,1505-10-,0,0,GREEN,0
2026-09-01T01:55:52.011104+00:00,Tupungatito,1507-01-,0,0,GREEN,0
2026-09-01T01:55:52.011104+00:00,San Jose,1507-02-,0,0,GREEN,0
2026-09-01T01:55:52.011104+00:00,Tinguiririca,1507-03-,0,0,GREEN,0
2026-09-01T01:55:52.011104+00:00,Planchon-Peteroa,1507-04-,0,0,GREEN,0
2026-09-01T01:55:52.011104+00:00,Descabezado Grande,1507-05-,0,0,GREEN,0
2026-09-01T01:55:52.011104+00:00,Tatara-San Pedro,1507-062,0,0,GREEN,0
2026-09-01T01:55:52.011104+00:00,Laguna del Maule,1507-061,0,0,GREEN,0
2026-09-01T01:55:52.011104+00:00,Nevado de Longavi,1507-063,0,0,GREEN,0
2026-09-01T01:55:52.011104+00:00,Nevados de Chillan,1507-07-,0,0,GREEN,0
2026-09-01T01:55:52.011104+00:00,Antuco,1507-08-,0,0,GREEN,0
2026-09-01T01:55:52.011104+00:00,Copahue,1507-09-,0,0,GREEN,0
2026-09-01T01:55:52.011104+00:00,Callaqui,1507-091,0,0,GREEN,0
2026-09-01T01:55:52.011104+00:00,Lonquimay,1507-10-,0,0,GREEN,0
2026-09-01T01:55:52.011104+00:00,Llaima,1507-11-,0,0,GREEN,0
2026-09-01T01:55:52.011104+00:00,Sollipulli,1507-111,0,0,GREEN,0
2026-09-01T01:55:52.011104+00:00,Villarrica,1507-12-,0,0,GREEN,0
2026-09-01T01:55:52.011104+00:00,Quetrupillan,1507-121,0,0,GREEN,0
2026-09-01T01:55:52.011104+00:00,Lanin,1507-122,0,0,GREEN,0
2026-09-01T01:55:52.011104+00:00,Mocho-Choshuenco,1507-13-,0,0,GREEN,0
2026-09-01T01:55:52.011104+00:00,Carran - Los Venados,1507-14-,0,0,GREEN,0
2026-09-01T01:55:52.011104+00:00,Puyehue - Cordon Caulle,1507-15-,0,0,GREEN,0
2026-09-01T01:55:52.011104+00:00,Antillanca - Casablanca,1507-153,0,0,GREEN,0
2026-09-01T01:55:52.011104+00:00,Osorno,1508-01-,0,0,GREEN,0
2026-09-01T01:55:52.011104+00:00,Calbuco,1508-02-,0,0,GREEN,0
2026-09-01T01:55:52.011104+00:00,Yate,1508-022,0,0,GREEN,0
2026-09-01T01:55:52.011104+00:00,Hornopiren,1508-023,0,0,GREEN,0
2026-09-01T01:55:52.011104+00:00,Huequi,1508-03-,0,0,GREEN,0
2026-09-01T01:55:52.011104+00:00,Michinmahuida,1508-04-,0,0,GREEN,0
2026-09-01T01:55:52.011104+00:00,Chaiten,1508-041,0,0,GREEN,0
2026-09-01T01:55:52.011104+00:00,Corcovado,1508-05-,0,0,GREEN,0
2026-09-01T01:55:52.011104+00:00,Melimoyu,1508-052,0,0,GREEN,0
2026-09-01T01:55:52.011104+00:00,Mentolat,1508-054,0,0,GREEN,0
2026-09-01T01:55:52.011104+00:00,Cay,1508-055,0,0,GREEN,0
2026-09-01T01:55:52.011104+00:00,Maca,1508-056,0,0,GREEN,0
2026-09-01T01:55:52.011104+00:00,Hudson,1508-057,0,0,GREEN,0
2026-09-01T01:55:52.011104+00:00,Wai Sano (IDN),0604-06-,0,0,GREEN,0
2026-09-01T01:55:52.011104+00:00,Ranakah (IDN),0604-071,0,0,GREEN,0
2026-09-01T01:55:52.011104+00:00,Ambrym (VUT),0507-04-,0,0,GREEN,0
2026-09-01T01:55:52.011104+00:00,Jingbo (CHN),1005-04-,0,12,GREEN,12
2026-09-01T01:55:52.011104+00:00,Kishb Harrat (SAU),0301-071,0,0,GREEN,0
2026-09-01T01:55:52.011104+00:00,Semeru (IDN),0603-30-,0,0,GREEN,0
2026-09-01T01:55:52.011104+00:00,Kavachi (SLB),0505-06-,0,0,GREEN,0
2026-09-01T02:00:56.420563+00:00,Acatenango,1402-09-,0,1191,GREEN,1191
2026-09-01T02:00:56.420563+00:00,Fuego,1402-10-,1,1211,YELLOW,1213
2026-09-01T02:00:56.420563+00:00,Agua,1402-111,13,1260,YELLOW,1286
2026-09-01T02:00:56.420563+00:00,Concepcion (NIC),1404-12-,0,0,GREEN,0
2026-09-01T02:00:56.420563+00:00,Maderas (NIC),1404-13-,0,0,GREEN,0
2026-09-01T02:00:56.420563+00:00,Orosi (CRI),1405-01-,0,0,GREEN,0
2026-09-01T02:00:56.420563+00:00,Rincon de la Vieja (CRI),1405-02-,0,0,GREEN,0
2026-09-01T02:00:56.420563+00:00,Taapaca,1505-011,0,0,GREEN,0
2026-09-01T02:00:56.420563+00:00,Parinacota,1505-012,0,0,GREEN,0
2026-09-01T02:00:56.420563+00:00,Guallatiri,1505-02-,0,0,GREEN,0
2026-09-01T02:00:56.420563+00:00,Isluga,1505-03-,0,0,GREEN,0
2026-09-01T02:00:56.420563+00:00,Irruputuncu,1505-04-,0,0,GREEN,0
2026-09-01T02:00:56.420563+00:00,Ollague,1505-06-,0,0,GREEN,0
2026-09-01T02:00:56.420563+00:00,San Pedro,1505-07-,0,0,GREEN,0
2026-09-01T02:00:56.420563+00:00,Lascar,1505-10-,0,0,GREEN,0
2026-09-01T02:00:56.420563+00:00,Tupungatito,1507-01-,0,0,GREEN,0
2026-09-01T02:00:56.420563+00:00,San Jose,1507-02-,0,0,GREEN,0
2026-09-01T02:00:56.420563+00:00,Tinguiririca,1507-03-,0,0,GREEN,0
2026-09-01T02:00:56.420563+00:00,Planchon-Peteroa,1507-04-,0,0,GREEN,0
2026-09-01T02:00:56.420563+00:00,Descabezado Grande,1507-05-,0,0,GREEN,0
2026-09-01T02:00:56.420563+00:00,Tatara-San Pedro,1507-062,0,0,GREEN,0
2026-09-01T02:00:56.420563+00:00,Laguna del Maule,1507-061,0,0,GREEN,0
2026-09-01T02:00:56.420563+00:00,Nevado de Longavi,1507-063,0,0,GREEN,0
2026-09-01T02:00:56.420563+00:00,Nevados de Chillan,1507-07-,0,0,GREEN,0
2026-09-01T02:00:56.420563+00:00,Antuco,1507-08-,0,0,GREEN,0
2026-09-01T02:00:56.420563+00:00,Copahue,1507-09-,0,0,GREEN,0
2026-09-01T02:00:56.420563+00:00,Callaqui,1507-091,0,0,GREEN,0
2026-09-01T02:00:56.420563+00:00,Lonquimay,1507-10-,0,0,GREEN,0
2026-09-01T02:00:56.420563+00:00,Llaima,1507-11-,0,0,GREEN,0
2026-09-01T02:00:56.420563+00:00,Sollipulli,1507-111,0,0,GREEN,0
2026-09-01T02:00:56.420563+00:00,Villarrica,1507-12-,0,0,GREEN,0
2026-09-01T02:00:56.420563+00:00,Quetrupillan,1507-121,0,0,GREEN,0
2026-09-01T02:00:56.420563+00:00,Lanin,1507-122,0,0,GREEN,0
2026-09-01T02:00:56.420563+00:00,Mocho-Choshuenco,1507-13-,0,0,GREEN,0
2026-09-01T02:00:56.420563+00:00,Carran - Los Venados,1507-14-,0,0,GREEN,0
2026-09-01T02:00:56.420563+00:00,Puyehue - Cordon Caulle,1507-15-,0,0,GREEN,0
2026-09-01T02:00:56.420563+00:00,Antillanca - Casablanca,1507-153,0,0,GREEN,0
2026-09-01T02:00:56.420563+00:00,Osorno,1508-01-,0,0,GREEN,0
2026-09-01T02:00:56.420563+00:00,Calbuco,1508-02-,0,0,GREEN,0
2026-09-01T02:00:56.420563+00:00,Yate,1508-022,0,0,GREEN,0
2026-09-01T02:00:56.420563+00:00,Hornopiren,1508-023,0,0,GREEN,0
2026-09-01T02:00:56.420563+00:00,Huequi,1508-03-,0,0,GREEN,0
2026-09-01T02:00:56.420563+00:00,Michinmahuida,1508-04-,0,0,GREEN,0
2026-09-01T02:00:56.420563+00:00,Chaiten,1508-041,0,0,GREEN,0
2026-09-01T02:00:56.420563+00:00,Corcovado,1508-05-,0,0,GREEN,0
2026-09-01T02:00:56.420563+00:00,Melimoyu,1508-052,0,0,GREEN,0
2026-09-01T02:00:56.420563+00:00,Mentolat,1508-054,0,0,GREEN,0
2026-09-01T02:00:56.420563+00:00,Cay,1508-055,0,0,GREEN,0
2026-09-01T02:00:56.420563+00:00,Maca,1508-056,0,0,GREEN,0
2026-09-01T02:00:56.420563+00:00,Hudson,1508-057,0,0,GREEN,0
2026-09-01T02:00:56.420563+00:00,Wai Sano (IDN),0604-06-,0,0,GREEN,0
2026-09-01T02:00:56.420563+00:00,Ranakah (IDN),0604-071,0,0,GREEN,0
2026-09-01T02:00:56.420563+00:00,Ambrym (VUT),0507-04-,0,0,GREEN,0
2026-09-01T02:00:56.420563+00:00,Jingbo (CHN),1005-04-,0,16,GREEN,16
2026-09-01T02:00:56.420563+00:00,Kishb Harrat (SAU),0301-071,0,0,GREEN,0
2026-09-01T02:00:56.420563+00:00,Semeru (IDN),0603-30-,0,0,GREEN,0
2026-09-01T02:00:56.420563+00:00,Kavachi (SLB),0505-06-,0,0,GREEN,0
2026-09-01T02:05:46.969602+00:00,Acatenango,1402-09-,0,1334,GREEN,1334
2026-09-01T02:05:46.969602+00:00,Fuego,1402-10-,1,1353,YELLOW,1355
2026-09-01T02:05:46.969602+00:00,Agua,1402-111,16,1399,YELLOW,1431
2026-09-01T02:05:46.969602+00:00,Concepcion (NIC),1404-12-,0,0,GREEN,0
2026-09-01T02:05:46.969602+00:00,Maderas (NIC),1404-13-,0,0,GREEN,0
2026-09-01T02:05:46.969602+00:00,Orosi (CRI),1405-01-,0,0,GREEN,0
2026-09-01T02:05:46.969602+00:00,Rincon de la Vieja (CRI),1405-02-,0,0,GREEN,0
2026-09-01T02:05:46.969602+00:00,Taapaca,1505-011,0,0,GREEN,0
2026-09-01T02:05:46.969602+00:00,Parinacota,1505-012,0,0,GREEN,0
2026-09-01T02:05:46.969602+00:00,Guallatiri,1505-02-,0,0,GREEN,0
2026-09-01T02:05:46.969602+00:00,Isluga,1505-03-,0,0,GREEN,0
2026-09-01T02:05:46.969602+00:00,Irruputuncu,1505-04-,0,0,GREEN,0
2026-09-01T02:05:46.969602+00:00,Ollague,1505-06-,0,0,GREEN,0
2026-09-01T02:05:46.969602+00:00,San Pedro,1505-07-,0,0,GREEN,0
2026-09-01T02:05:46.969602+00:00,Lascar,1505-10-,0,0,GREEN,0
2026-09-01T02:05:46.969602+00:00,Tupungatito,1507-01-,0,0,GREEN,0
2026-09-01T02:05:46.969602+00:00,San Jose,1507-02-,0,0,GREEN,0
2026-09-01T02:05:46.969602+00:00,Tinguiririca,1507-03-,0,0,GREEN,0
2026-09-01T02:05:46.969602+00:00,Planchon-Peteroa,1507-04-,0,0,GREEN,0
2026-09-01T02:05:46.969602+00:00,Descabezado Grande,1507-05-,0,0,GREEN,0
2026-09-01T02:05:46.969602+00:00,Tatara-San Pedro,1507-062,0,0,GREEN,0
2026-09-01T02:05:46.969602+00:00,Laguna del Maule,1507-061,0,0,GREEN,0
2026-09-01T02:05:46.969602+00:00,Nevado de Longavi,1507-063,0,0,GREEN,0
2026-09-01T02:05:46.969602+00:00,Nevados de Chillan,1507-07-,0,0,GREEN,0
2026-09-01T02:05:46.969602+00:00,Antuco,1507-08-,0,0,GREEN,0
2026-09-01T02:05:46.969602+00:00,Copahue,1507-09-,0,0,GREEN,0
2026-09-01T02:05:46.969602+00:00,Callaqui,1507-091,0,0,GREEN,0
2026-09-01T02:05:46.969602+00:00,Lonquimay,1507-10-,0,0,GREEN,0
2026-09-01T02:05:46.969602+00:00,Llaima,1507-11-,0,0,GREEN,0
2026-09-01T02:05:46.969602+00:00,Sollipulli,1507-111,0,0,GREEN,0
2026-09-01T02:05:46.969602+00:00,Villarrica,1507-12-,0,0,GREEN,0
2026-09-01T02:05:46.969602+00:00,Quetrupillan,1507-121,0,0,GREEN,0
2026-09-01T02:05:46.969602+00:00,Lanin,1507-122,0,0,GREEN,0
2026-09-01T02:05:46.969602+00:00,Mocho-Choshuenco,1507-13-,0,0,GREEN,0
2026-09-01T02:05:46.969602+00:00,Carran - Los Venados,1507-14-,0,0,GREEN,0
2026-09-01T02:05:46.969602+00:00,Puyehue - Cordon Caulle,1507-15-,0,0,GREEN,0
2026-09-01T02:05:46.969602+00:00,Antillanca - Casablanca,1507-153,0,0,GREEN,0
2026-09-01T02:05:46.969602+00:00,Osorno,1508-01-,0,0,GREEN,0
2026-09-01T02:05:46.969602+00:00,Calbuco,1508-02-,0,0,GREEN,0
2026-09-01T02:05:46.969602+00:00,Yate,1508-022,0,0,GREEN,0
2026-09-01T02:05:46.969602+00:00,Hornopiren,1508-023,0,0,GREEN,0
2026-09-01T02:05:46.969602+00:00,Huequi,1508-03-,0,0,GREEN,0
2026-09-01T02:05:46.969602+00:00,Michinmahuida,1508-04-,0,0,GREEN,0
2026-09-01T02:05:46.969602+00:00,Chaiten,1508-041,0,0,GREEN,0
2026-09-01T02:05:46.969602+00:00,Corcovado,1508-05-,0,0,GREEN,0
2026-09-01T02:05:46.969602+00:00,Melimoyu,1508-052,0,0,GREEN,0
2026-09-01T02:05:46.969602+00:00,Mentolat,1508-054,0,0,GREEN,0
2026-09-01T02:05:46.969602+00:00,Cay,1508-055,0,0,GREEN,0
2026-09-01T02:05:46.969602+00:00,Maca,1508-056,0,0,GREEN,0
2026-09-01T02:05:46.969602+00:00,Hudson,1508-057,0,0,GREEN,0
2026-09-01T02:05:46.969602+00:00,Wai Sano (IDN),0604-06-,0,0,GREEN,0
2026-09-01T02:05:46.969602+00:00,Ranakah (IDN),0604-071,0,0,GREEN,0
2026-09-01T02:05:46.969602+00:00,Ambrym (VUT),0507-04-,0,0,GREEN,0
2026-09-01T02:05:46.969602+00:00,Jingbo (CHN),1005-04-,0,16,GREEN,16
2026-09-01T02:05:46.969602+00:00,Kishb Harrat (SAU),0301-071,0,0,GREEN,0
2026-09-01T02:05:46.969602+00:00,Semeru (IDN),0603-30-,0,0,GREEN,0
2026-09-01T02:05:46.969602+00:00,Kavachi (SLB),0505-06-,0,0,GREEN,0
2026-09-01T02:10:49.041696+00:00,Acatenango,1402-09-,0,1483,GREEN,1483
2026-09-01T02:10:49.041696+00:00,Fuego,1402-10-,1,1502,YELLOW,1504
2026-09-01T02:10:49.041696+00:00,Agua,1402-111,16,1554,YELLOW,1586
2026-09-01T02:10:49.041696+00:00,Concepcion (NIC),1404-12-,0,0,GREEN,0
2026-09-01T02:10:49.041696+00:00,Maderas (NIC),1404-13-,0,0,GREEN,0
2026-09-01T02:10:49.041696+00:00,Orosi (CRI),1405-01-,0,0,GREEN,0
2026-09-01T02:10:49.041696+00:00,Rincon de la Vieja (CRI),1405-02-,0,0,GREEN,0
2026-09-01T02:10:49.041696+00:00,Taapaca,1505-011,0,0,GREEN,0
2026-09-01T02:10:49.041696+00:00,Parinacota,1505-012,0,0,GREEN,0
2026-09-01T02:10:49.041696+00:00,Guallatiri,1505-02-,0,0,GREEN,0
2026-09-01T02:10:49.041696+00:00,Isluga,1505-03-,0,0,GREEN,0
2026-09-01T02:10:49.041696+00:00,Irruputuncu,1505-04-,0,0,GREEN,0
2026-09-01T02:10:49.041696+00:00,Ollague,1505-06-,0,0,GREEN,0
2026-09-01T02:10:49.041696+00:00,San Pedro,1505-07-,0,0,GREEN,0
2026-09-01T02:10:49.041696+00:00,Lascar,1505-10-,0,0,GREEN,0
2026-09-01T02:10:49.041696+00:00,Tupungatito,1507-01-,0,0,GREEN,0
2026-09-01T02:10:49.041696+00:00,San Jose,1507-02-,0,0,GREEN,0
2026-09-01T02:10:49.041696+00:00,Tinguiririca,1507-03-,0,0,GREEN,0
2026-09-01T02:10:49.041696+00:00,Planchon-Peteroa,1507-04-,0,0,GREEN,0
2026-09-01T02:10:49.041696+00:00,Descabezado Grande,1507-05-,0,0,GREEN,0
2026-09-01T02:10:49.041696+00:00,Tatara-San Pedro,1507-062,0,0,GREEN,0
2026-09-01T02:10:49.041696+00:00,Laguna del Maule,1507-061,0,0,GREEN,0
2026-09-01T02:10:49.041696+00:00,Nevado de Longavi,1507-063,0,0,GREEN,0
2026-09-01T02:10:49.041696+00:00,Nevados de Chillan,1507-07-,0,0,GREEN,0
2026-09-01T02:10:49.041696+00:00,Antuco,1507-08-,0,0,GREEN,0
2026-09-01T02:10:49.041696+00:00,Copahue,1507-09-,0,0,GREEN,0
2026-09-01T02:10:49.041696+00:00,Callaqui,1507-091,0,0,GREEN,0
2026-09-01T02:10:49.041696+00:00,Lonquimay,1507-10-,0,0,GREEN,0
2026-09-01T02:10:49.041696+00:00,Llaima,1507-11-,0,0,GREEN,0
2026-09-01T02:10:49.041696+00:00,Sollipulli,1507-111,0,0,GREEN,0
2026-09-01T02:10:49.041696+00:00,Villarrica,1507-12-,0,0,GREEN,0
2026-09-01T02:10:49.041696+00:00,Quetrupillan,1507-121,0,0,GREEN,0
2026-09-01T02:10:49.041696+00:00,Lanin,1507-122,0,0,GREEN,0
2026-09-01T02:10:49.041696+00:00,Mocho-Choshuenco,1507-13-,0,0,GREEN,0
2026-09-01T02:10:49.041696+00:00,Carran - Los Venados,1507-14-,0,0,GREEN,0
2026-09-01T02:10:49.041696+00:00,Puyehue - Cordon Caulle,1507-15-,0,0,GREEN,0
2026-09-01T02:10:49.041696+00:00,Antillanca - Casablanca,1507-153,0,0,GREEN,0
2026-09-01T02:10:49.041696+00:00,Osorno,1508-01-,0,0,GREEN,0
2026-09-01T02:10:49.041696+00:00,Calbuco,1508-02-,0,0,GREEN,0
2026-09-01T02:10:49.041696+00:00,Yate,1508-022,0,0,GREEN,0
2026-09-01T02:10:49.041696+00:00,Hornopiren,1508-023,0,0,GREEN,0
2026-09-01T02:10:49.041696+00:00,Huequi,1508-03-,0,0,GREEN,0
2026-09-01T02:10:49.041696+00:00,Michinmahuida,1508-04-,0,0,GREEN,0
2026-09-01T02:10:49.041696+00:00,Chaiten,1508-041,0,0,GREEN,0
2026-09-01T02:10:49.041696+00:00,Corcovado,1508-05-,0,0,GREEN,0
2026-09-01T02:10:49.041696+00:00,Melimoyu,1508-052,0,0,GREEN,0
2026-09-01T02:10:49.041696+00:00,Mentolat,1508-054,0,0,GREEN,0
2026-09-01T02:10:49.041696+00:00,Cay,1508-055,0,0,GREEN,0
2026-09-01T02:10:49.041696+00:00,Maca,1508-056,0,0,GREEN,0
2026-09-01T02:10:49.041696+00:00,Hudson,1508-057,0,0,GREEN,0
2026-09-01T02:10:49.041696+00:00,Wai Sano (IDN),0604-06-,0,0,GREEN,0
2026-09-01T02:10:49.041696+00:00,Ranakah (IDN),0604-071,0,0,GREEN,0
2026-09-01T02:10:49.041696+00:00,Ambrym (VUT),0507-04-,0,0,GREEN,0
2026-09-01T02:10:49.041696+00:00,Jingbo (CHN),1005-04-,0,17,GREEN,17
2026-09-01T02:10:49.041696+00:00,Kishb Harrat (SAU),0301-071,0,0,GREEN,0
2026-09-01T02:10:49.041696+00:00,Semeru (IDN),0603-30-,0,0,GREEN,0
2026-09-01T02:10:49.041696+00:00,Kavachi (SLB),0505-06-,0,0,GREEN,0
2026-09-01T02:15:49.704250+00:00,Acatenango,1402-09-,0,1652,GREEN,1652
2026-09-01T02:15:49.704250+00:00,Fuego,1402-10-,1,1667,YELLOW,1669
2026-09-01T02:15:49.704250+00:00,Agua,1402-111,16,1713,YELLOW,1745
2026-09-01T02:15:49.704250+00:00,Concepcion (NIC),1404-12-,0,0,GREEN,0
2026-09-01T02:15:49.704250+00:00,Maderas (NIC),1404-13-,0,0,GREEN,0
2026-09-01T02:15:49.704250+00:00,Orosi (CRI),1405-01-,0,0,GREEN,0
2026-09-01T02:15:49.704250+00:00,Rincon de la Vieja (CRI),1405-02-,0,0,GREEN,0
2026-09-01T02:15:49.704250+00:00,Taapaca,1505-011,0,0,GREEN,0
2026-09-01T02:15:49.704250+00:00,Parinacota,1505-012,0,0,GREEN,0
2026-09-01T02:15:49.704250+00:00,Guallatiri,1505-02-,0,0,GREEN,0
2026-09-01T02:15:49.704250+00:00,Isluga,1505-03-,0,0,GREEN,0
2026-09-01T02:15:49.704250+00:00,Irruputuncu,1505-04-,0,0,GREEN,0
2026-09-01T02:15:49.704250+00:00,Ollague,1505-06-,0,0,GREEN,0
2026-09-01T02:15:49.704250+00:00,San Pedro,1505-07-,0,0,GREEN,0
2026-09-01T02:15:49.704250+00:00,Lascar,1505-10-,0,0,GREEN,0
2026-09-01T02:15:49.704250+00:00,Tupungatito,1507-01-,0,0,GREEN,0
2026-09-01T02:15:49.704250+00:00,San Jose,1507-02-,0,0,GREEN,0
2026-09-01T02:15:49.704250+00:00,Tinguiririca,1507-03-,0,0,GREEN,0
2026-09-01T02:15:49.704250+00:00,Planchon-Peteroa,1507-04-,0,0,GREEN,0
2026-09-01T02:15:49.704250+00:00,Descabezado Grande,1507-05-,0,0,GREEN,0
2026-09-01T02:15:49.704250+00:00,Tatara-San Pedro,1507-062,0,0,GREEN,0
2026-09-01T02:15:49.704250+00:00,Laguna del Maule,1507-061,0,0,GREEN,0
2026-09-01T02:15:49.704250+00:00,Nevado de Longavi,1507-063,0,0,GREEN,0
2026-09-01T02:15:49.704250+00:00,Nevados de Chillan,1507-07-,0,0,GREEN,0
2026-09-01T02:15:49.704250+00:00,Antuco,1507-08-,0,0,GREEN,0
2026-09-01T02:15:49.704250+00:00,Copahue,1507-09-,0,0,GREEN,0
2026-09-01T02:15:49.704250+00:00,Callaqui,1507-091,0,0,GREEN,0
2026-09-01T02:15:49.704250+00:00,Lonquimay,1507-10-,0,0,GREEN,0
2026-09-01T02:15:49.704250+00:00,Llaima,1507-11-,0,0,GREEN,0
2026-09-01T02:15:49.704250+00:00,Sollipulli,1507-111,0,0,GREEN,0
2026-09-01T02:15:49.704250+00:00,Villarrica,1507-12-,0,0,GREEN,0
2026-09-01T02:15:49.704250+00:00,Quetrupillan,1507-121,0,0,GREEN,0
2026-09-01T02:15:49.704250+00:00,Lanin,1507-122,0,0,GREEN,0
2026-09-01T02:15:49.704250+00:00,Mocho-Choshuenco,1507-13-,0,0,GREEN,0
2026-09-01T02:15:49.704250+00:00,Carran - Los Venados,1507-14-,0,0,GREEN,0
2026-09-01T02:15:49.704250+00:00,Puyehue - Cordon Caulle,1507-15-,0,0,GREEN,0
2026-09-01T02:15:49.704250+00:00,Antillanca - Casablanca,1507-153,0,0,GREEN,0
2026-09-01T02:15:49.704250+00:00,Osorno,1508-01-,0,0,GREEN,0
2026-09-01T02:15:49.704250+00:00,Calbuco,1508-02-,0,0,GREEN,0
2026-09-01T02:15:49.704250+00:00,Yate,1508-022,0,0,GREEN,0
2026-09-01T02:15:49.704250+00:00,Hornopiren,1508-023,0,0,GREEN,0
2026-09-01T02:15:49.704250+00:00,Huequi,1508-03-,0,0,GREEN,0
2026-09-01T02:15:49.704250+00:00,Michinmahuida,1508-04-,0,0,GREEN,0
2026-09-01T02:15:49.704250+00:00,Chaiten,1508-041,0,0,GREEN,0
2026-09-01T02:15:49.704250+00:00,Corcovado,1508-05-,0,0,GREEN,0
2026-09-01T02:15:49.704250+00:00,Melimoyu,1508-052,0,0,GREEN,0
2026-09-01T02:15:49.704250+00:00,Mentolat,1508-054,0,0,GREEN,0
2026-09-01T02:15:49.704250+00:00,Cay,1508-055,0,0,GREEN,0
2026-09-01T02:15:49.704250+00:00,Maca,1508-056,0,0,GREEN,0
2026-09-01T02:15:49.704250+00:00,Hudson,1508-057,0,0,GREEN,0
2026-09-01T02:15:49.704250+00:00,Wai Sano (IDN),0604-06-,0,0,GREEN,0
2026-09-01T02:15:49.704250+00:00,Ranakah (IDN),0604-071,0,0,GREEN,0
2026-09-01T02:15:49.704250+00:00,Ambrym (VUT),0507-04-,0,0,GREEN,0
2026-09-01T02:15:49.704250+00:00,Jingbo (CHN),1005-04-,0,20,GREEN,20
2026-09-01T02:15:49.704250+00:00,Kishb Harrat (SAU),0301-071,0,0,GREEN,0
2026-09-01T02:15:49.704250+00:00,Semeru (IDN),0603-30-,0,0,GREEN,0
2026-09-01T02:15:49.704250+00:00,Kavachi (SLB),0505-06-,0,0,GREEN,0
2026-09-01T02:20:47.049363+00:00,Acatenango,1402-09-,0,1753,GREEN,1753
2026-09-01T02:20:47.049363+00:00,Fuego,1402-10-,1,1771,YELLOW,1773
2026-09-01T02:20:47.049363+00:00,Agua,1402-111,16,1822,YELLOW,1854
2026-09-01T02:20:47.049363+00:00,Concepcion (NIC),1404-12-,0,0,GREEN,0
2026-09-01T02:20:47.049363+00:00,Maderas (NIC),1404-13-,0,0,GREEN,0
2026-09-01T02:20:47.049363+00:00,Orosi (CRI),1405-01-,0,0,GREEN,0
2026-09-01T02:20:47.049363+00:00,Rincon de la Vieja (CRI),1405-02-,0,0,GREEN,0
2026-09-01T02:20:47.049363+00:00,Taapaca,1505-011,0,0,GREEN,0
2026-09-01T02:20:47.049363+00:00,Parinacota,1505-012,0,0,GREEN,0
2026-09-01T02:20:47.049363+00:00,Guallatiri,1505-02-,0,0,GREEN,0
2026-09-01T02:20:47.049363+00:00,Isluga,1505-03-,0,0,GREEN,0
2026-09-01T02:20:47.049363+00:00,Irruputuncu,1505-04-,0,0,GREEN,0
2026-09-01T02:20:47.049363+00:00,Ollague,1505-06-,0,0,GREEN,0
2026-09-01T02:20:47.049363+00:00,San Pedro,1505-07-,0,0,GREEN,0
2026-09-01T02:20:47.049363+00:00,Lascar,1505-10-,0,0,GREEN,0
2026-09-01T02:20:47.049363+00:00,Tupungatito,1507-01-,0,0,GREEN,0
2026-09-01T02:20:47.049363+00:00,San Jose,1507-02-,0,0,GREEN,0
2026-09-01T02:20:47.049363+00:00,Tinguiririca,1507-03-,0,0,GREEN,0
2026-09-01T02:20:47.049363+00:00,Planchon-Peteroa,1507-04-,0,0,GREEN,0
2026-09-01T02:20:47.049363+00:00,Descabezado Grande,1507-05-,0,0,GREEN,0
2026-09-01T02:20:47.049363+00:00,Tatara-San Pedro,1507-062,0,0,GREEN,0
2026-09-01T02:20:47.049363+00:00,Laguna del Maule,1507-061,0,0,GREEN,0
2026-09-01T02:20:47.049363+00:00,Nevado de Longavi,1507-063,0,0,GREEN,0
2026-09-01T02:20:47.049363+00:00,Nevados de Chillan,1507-07-,0,0,GREEN,0
2026-09-01T02:20:47.049363+00:00,Antuco,1507-08-,0,0,GREEN,0
2026-09-01T02:20:47.049363+00:00,Copahue,1507-09-,0,0,GREEN,0
2026-09-01T02:20:47.049363+00:00,Callaqui,1507-091,0,0,GREEN,0
2026-09-01T02:20:47.049363+00:00,Lonquimay,1507-10-,0,0,GREEN,0
2026-09-01T02:20:47.049363+00:00,Llaima,1507-11-,0,0,GREEN,0
2026-09-01T02:20:47.049363+00:00,Sollipulli,1507-111,0,0,GREEN,0
2026-09-01T02:20:47.049363+00:00,Villarrica,1507-12-,0,0,GREEN,0
2026-09-01T02:20:47.049363+00:00,Quetrupillan,1507-121,0,0,GREEN,0
2026-09-01T02:20:47.049363+00:00,Lanin,1507-122,0,0,GREEN,0
2026-09-01T02:20:47.049363+00:00,Mocho-Choshuenco,1507-13-,0,0,GREEN,0
2026-09-01T02:20:47.049363+00:00,Carran - Los Venados,1507-14-,0,0,GREEN,0
2026-09-01T02:20:47.049363+00:00,Puyehue - Cordon Caulle,1507-15-,0,0,GREEN,0
2026-09-01T02:20:47.049363+00:00,Antillanca - Casablanca,1507-153,0,0,GREEN,0
2026-09-01T02:20:47.049363+00:00,Osorno,1508-01-,0,0,GREEN,0
2026-09-01T02:20:47.049363+00:00,Calbuco,1508-02-,0,0,GREEN,0
2026-09-01T02:20:47.049363+00:00,Yate,1508-022,0,0,GREEN,0
2026-09-01T02:20:47.049363+00:00,Hornopiren,1508-023,0,0,GREEN,0
2026-09-01T02:20:47.049363+00:00,Huequi,1508-03-,0,0,GREEN,0
2026-09-01T02:20:47.049363+00:00,Michinmahuida,1508-04-,0,0,GREEN,0
2026-09-01T02:20:47.049363+00:00,Chaiten,1508-041,0,0,GREEN,0
2026-09-01T02:20:47.049363+00:00,Corcovado,1508-05-,0,0,GREEN,0
2026-09-01T02:20:47.049363+00:00,Melimoyu,1508-052,0,0,GREEN,0
2026-09-01T02:20:47.049363+00:00,Mentolat,1508-054,0,0,GREEN,0
2026-09-01T02:20:47.049363+00:00,Cay,1508-055,0,0,GREEN,0
2026-09-01T02:20:47.049363+00:00,Maca,1508-056,0,0,GREEN,0
2026-09-01T02:20:47.049363+00:00,Hudson,1508-057,0,0,GREEN,0
2026-09-01T02:20:47.049363+00:00,Wai Sano (IDN),0604-06-,0,0,GREEN,0
2026-09-01T02:20:47.049363+00:00,Ranakah (IDN),0604-071,0,0,GREEN,0
2026-09-01T02:20:47.049363+00:00,Ambrym (VUT),0507-04-,0,0,GREEN,0
2026-09-01T02:20:47.049363+00:00,Jingbo (CHN),1005-04-,0,21,GREEN,21
2026-09-01T02:20:47.049363+00:00,Kishb Harrat (SAU),0301-071,0,0,GREEN,0
2026-09-01T02:20:47.049363+00:00,Semeru (IDN),0603-30-,0,0,GREEN,0
2026-09-01T02:20:47.049363+00:00,Kavachi (SLB),0505-06-,0,0,GREEN,0
